spam,Selected customer alert: get premium membership free. Confirm at reward-center.net.
spam,Free entry in weekly contest to win bike. Send YES to 90909 today. Offer valid today only.
spam,Selected customer alert: get premium membership free. Confirm at tinyurl.com/rewardfast.
ham,"Hey Karan, are we still meeting at 5:00 pm near the library? Please confirm."
spam,Congratulations! You are chosen for a free vacation. Call now on 54545.
spam,Hot singles near you are waiting. Visit reward-center.net now. Offer valid today only.
spam,"WINNER! You have been selected to receive Rs 10,000 cash prize. Text WIN to 54545 now."
ham,Let us have lunch at the campus tomorrow.
ham,Can we reschedule to Thursday 11:00 am? Please confirm.
spam,Limited offer: get loan approved instantly. Click reward-center.net to apply. Offer valid today only.
ham,"I will be late by 10 minutes, traffic is heavy. Please confirm."
spam,Earn Rs 5000 daily from home. Register at claim-bonus-now.com. Offer valid today only.
spam,Hot singles near you are waiting. Visit bit.ly/claim-now now. Offer valid today only.
spam,"Dear user, your KYC failed. Update immediately on tinyurl.com/rewardfast. Offer valid today only."
spam,"Final notice! Claim your uncollected reward of Rs 25,000 by texting CLAIM to 90909. Offer valid today only."
spam,Selected customer alert: get premium membership free. Confirm at tinyurl.com/rewardfast. Offer valid today only.
ham,"Hey Maya, are we still meeting at 8:00 am near the library? Please confirm."
spam,Free entry in weekly contest to win bike. Send YES to 12121 today. Offer valid today only.
spam,Earn Rs 5000 daily from home. Register at bit.ly/claim-now.
spam,Limited offer: get loan approved instantly. Click tinyurl.com/rewardfast to apply.
spam,Selected customer alert: get premium membership free. Confirm at claim-bonus-now.com.
spam,Exclusive deal! Buy 1 get 3 free only today. Tap bit.ly/claim-now. Offer valid today only.
spam,"Final notice! Claim your uncollected reward of Rs 50,000 by texting CLAIM to 56060. Offer valid today only."
spam,URGENT! Your mobile number won a lucky draw for voucher. Reply CLAIM to 90909. Offer valid today only.
spam,"Dear user, your KYC failed. Update immediately on claim-bonus-now.com."
spam,Act now! Last 2 hours to claim your jackpot prize at tinyurl.com/rewardfast.
ham,"I left your book at the library, collect it when possible."
spam,Exclusive deal! Buy 1 get 3 free only today. Tap claim-bonus-now.com.
spam,"You have won a gift card worth Rs 1,00,000. Reply GIFT to 87121."
ham,Dinner plan tonight at 9:30 am?
ham,Meeting moved to conference room at 6:30 pm. Please confirm.
ham,The class starts at 5:00 pm; do not be late. Please confirm.
spam,Your account is suspended. Verify details at claim-bonus-now.com immediately.
spam,Selected customer alert: get premium membership free. Confirm at reward-center.net.
ham,"Hey Riya, are we still meeting at 6:30 pm near the bus stop?"
spam,Free entry in weekly contest to win headphones. Send YES to 87121 today. Offer valid today only.
ham,Can we reschedule to Wednesday 8:00 am? Please confirm.
spam,Limited offer: get loan approved instantly. Click reward-center.net to apply.
spam,Selected customer alert: get premium membership free. Confirm at bit.ly/claim-now.
ham,"Hey Karan, are we still meeting at 11:00 am near the station?"
spam,URGENT! Your mobile number won a lucky draw for phone. Reply CLAIM to 80808.
spam,Selected customer alert: get premium membership free. Confirm at claim-bonus-now.com.
ham,"Hey Riya, are we still meeting at 9:30 am near the canteen?"
spam,Act now! Last 2 hours to claim your jackpot prize at reward-center.net. Offer valid today only.
ham,"Hey Vikram, are we still meeting at 9:30 am near the library?"
ham,Mom asked if you can come home early today.
ham,Mom asked if you can come home early today.
spam,Congratulations! You are chosen for a free vacation. Call now on 80808.
spam,Earn Rs 5000 daily from home. Register at reward-center.net. Offer valid today only.
ham,The class starts at 11:00 am; do not be late. Please confirm.
spam,URGENT! Your mobile number won a lucky draw for phone. Reply CLAIM to 56060. Offer valid today only.
spam,Congratulations! You are chosen for a free vacation. Call now on 56060.
ham,Can you send me the notes for chemistry before Saturday?
ham,Please transfer Rs 900 to my UPI when you can.
spam,Limited offer: get loan approved instantly. Click claim-bonus-now.com to apply. Offer valid today only.
ham,I reached home safely. Call me when you are free.
ham,Mom asked if you can come home early today.
spam,Limited offer: get loan approved instantly. Click tinyurl.com/rewardfast to apply.
spam,Congratulations! You are chosen for a free vacation. Call now on 56060.
ham,Dinner plan tonight at 11:00 am?
ham,Please transfer Rs 900 to my UPI when you can.
spam,"Final notice! Claim your uncollected reward of Rs 25,000 by texting CLAIM to 87121. Offer valid today only."
spam,URGENT! Your mobile number won a lucky draw for laptop. Reply CLAIM to 90909. Offer valid today only.
spam,Hot singles near you are waiting. Visit claim-bonus-now.com now.
spam,"WINNER! You have been selected to receive Rs 10,000 cash prize. Text WIN to 56060 now. Offer valid today only."
ham,Mom asked if you can come home early today.
ham,Can you send me the notes for presentation before Saturday?
ham,Let us have lunch at the station tomorrow.
ham,The class starts at 7:15 pm; do not be late.
spam,Exclusive deal! Buy 1 get 3 free only today. Tap tinyurl.com/rewardfast.
spam,Limited offer: get loan approved instantly. Click reward-center.net to apply.
spam,Congratulations! You are chosen for a free vacation. Call now on 54545. Offer valid today only.
spam,"Airtel promo: You won Rs 1,00,000 recharge coupon. Redeem at claim-bonus-now.com."
ham,"I will be late by 10 minutes, traffic is heavy."
spam,Selected customer alert: get premium membership free. Confirm at reward-center.net.
spam,Earn Rs 5000 daily from home. Register at bit.ly/claim-now.
ham,Let us have lunch at the park tomorrow. Please confirm.
ham,Can you send me the notes for lab work before Friday?
spam,URGENT! Your mobile number won a lucky draw for laptop. Reply CLAIM to 54545. Offer valid today only.
spam,Earn Rs 5000 daily from home. Register at claim-bonus-now.com.
ham,Mom asked if you can come home early today. Please confirm.
spam,Exclusive deal! Buy 1 get 3 free only today. Tap reward-center.net. Offer valid today only.
ham,Dinner plan tonight at 7:15 pm?
ham,The class starts at 11:00 am; do not be late.
ham,Your appointment is confirmed for Monday at 7:15 pm. Please confirm.
ham,Please transfer Rs 250 to my UPI when you can.
spam,"You have won a gift card worth Rs 50,000. Reply GIFT to 90909. Offer valid today only."
ham,"I will be late by 10 minutes, traffic is heavy."
ham,I reached home safely. Call me when you are free.
spam,"Dear user, your KYC failed. Update immediately on bit.ly/claim-now."
ham,Let us have lunch at the park tomorrow.
spam,"Airtel promo: You won Rs 10,000 recharge coupon. Redeem at claim-bonus-now.com."
ham,Dinner plan tonight at 9:30 am? Please confirm.
spam,Exclusive deal! Buy 1 get 3 free only today. Tap bit.ly/claim-now.
spam,Hot singles near you are waiting. Visit claim-bonus-now.com now.
ham,Please transfer Rs 400 to my UPI when you can. Please confirm.
ham,Please pick up milk and bread on your way back.
spam,Congratulations! You are chosen for a free vacation. Call now on 87121. Offer valid today only.
spam,Congratulations! You are chosen for a free vacation. Call now on 80808. Offer valid today only.
ham,Can you send me the notes for math before Monday?
spam,"Final notice! Claim your uncollected reward of Rs 1,00,000 by texting CLAIM to 12121."
spam,Hot singles near you are waiting. Visit claim-bonus-now.com now. Offer valid today only.
ham,Mom asked if you can come home early today. Please confirm.
ham,Can you send me the notes for project before Tuesday?
ham,"Hey Maya, are we still meeting at 5:00 pm near the station?"
ham,Your appointment is confirmed for Monday at 7:15 pm.
spam,"Final notice! Claim your uncollected reward of Rs 1,00,000 by texting CLAIM to 12121."
spam,Earn Rs 5000 daily from home. Register at claim-bonus-now.com.
ham,Thanks for your help with the report work.
ham,Can we reschedule to Wednesday 9:30 am?
ham,I reached home safely. Call me when you are free. Please confirm.
ham,Thanks for your help with the project work. Please confirm.
spam,"Final notice! Claim your uncollected reward of Rs 50,000 by texting CLAIM to 80808. Offer valid today only."
spam,"Dear user, your KYC failed. Update immediately on claim-bonus-now.com. Offer valid today only."
ham,Your appointment is confirmed for Friday at 6:30 pm.
spam,Act now! Last 2 hours to claim your jackpot prize at tinyurl.com/rewardfast. Offer valid today only.
spam,Free entry in weekly contest to win bike. Send YES to 80808 today. Offer valid today only.
ham,"I left your book at the canteen, collect it when possible."
spam,Exclusive deal! Buy 1 get 3 free only today. Tap claim-bonus-now.com.
ham,Please pick up milk and bread on your way back.
ham,Can you send me the notes for math before Saturday?
spam,Your account is suspended. Verify details at claim-bonus-now.com immediately. Offer valid today only.
spam,Congratulations! You are chosen for a free vacation. Call now on 87121.
spam,Congratulations! You are chosen for a free vacation. Call now on 12121. Offer valid today only.
spam,"Final notice! Claim your uncollected reward of Rs 1,00,000 by texting CLAIM to 80808. Offer valid today only."
spam,Your account is suspended. Verify details at claim-bonus-now.com immediately. Offer valid today only.
spam,Exclusive deal! Buy 1 get 3 free only today. Tap tinyurl.com/rewardfast.
spam,Earn Rs 5000 daily from home. Register at claim-bonus-now.com.
ham,Let us have lunch at the campus tomorrow.
ham,The class starts at 9:30 am; do not be late.
ham,Please transfer Rs 900 to my UPI when you can.
spam,"Final notice! Claim your uncollected reward of Rs 1,00,000 by texting CLAIM to 90909."
ham,Can we reschedule to Tuesday 6:30 pm?
spam,Earn Rs 5000 daily from home. Register at bit.ly/claim-now.
ham,Let us have lunch at the park tomorrow.
spam,Exclusive deal! Buy 1 get 3 free only today. Tap reward-center.net.
ham,Thanks for your help with the lab work work.
spam,"WINNER! You have been selected to receive Rs 25,000 cash prize. Text WIN to 80808 now."
ham,"I left your book at the campus, collect it when possible. Please confirm."
ham,Please pick up milk and bread on your way back.
spam,"Final notice! Claim your uncollected reward of Rs 25,000 by texting CLAIM to 54545."
spam,URGENT! Your mobile number won a lucky draw for bike. Reply CLAIM to 54545.
ham,Can you send me the notes for math before Saturday?
spam,Earn Rs 5000 daily from home. Register at bit.ly/claim-now. Offer valid today only.
spam,Earn Rs 5000 daily from home. Register at bit.ly/claim-now. Offer valid today only.
ham,"Hey Anita, are we still meeting at 8:00 am near the office gate?"
ham,Thanks for your help with the chemistry work.
spam,"Dear user, your KYC failed. Update immediately on claim-bonus-now.com."
spam,Free entry in weekly contest to win bike. Send YES to 80808 today.
spam,Selected customer alert: get premium membership free. Confirm at bit.ly/claim-now. Offer valid today only.
ham,"I will be late by 10 minutes, traffic is heavy. Please confirm."
ham,"I left your book at the main road, collect it when possible. Please confirm."
spam,"Final notice! Claim your uncollected reward of Rs 25,000 by texting CLAIM to 56060. Offer valid today only."
spam,Limited offer: get loan approved instantly. Click reward-center.net to apply.
spam,Exclusive deal! Buy 1 get 3 free only today. Tap claim-bonus-now.com. Offer valid today only.
ham,Thanks for your help with the project work.
spam,Hot singles near you are waiting. Visit claim-bonus-now.com now. Offer valid today only.
ham,Let us have lunch at the station tomorrow.
spam,Limited offer: get loan approved instantly. Click claim-bonus-now.com to apply. Offer valid today only.
ham,Thanks for your help with the project work. Please confirm.
spam,"WINNER! You have been selected to receive Rs 75,000 cash prize. Text WIN to 12121 now. Offer valid today only."
ham,I reached home safely. Call me when you are free. Please confirm.
spam,Act now! Last 2 hours to claim your jackpot prize at tinyurl.com/rewardfast. Offer valid today only.
spam,Exclusive deal! Buy 1 get 3 free only today. Tap tinyurl.com/rewardfast. Offer valid today only.
spam,Hot singles near you are waiting. Visit bit.ly/claim-now now.
ham,The class starts at 11:00 am; do not be late.
spam,Selected customer alert: get premium membership free. Confirm at reward-center.net. Offer valid today only.
spam,Your account is suspended. Verify details at claim-bonus-now.com immediately.
ham,Thanks for your help with the math work.
ham,"I left your book at the canteen, collect it when possible."
spam,"Dear user, your KYC failed. Update immediately on tinyurl.com/rewardfast."
spam,Earn Rs 5000 daily from home. Register at claim-bonus-now.com.
spam,Hot singles near you are waiting. Visit bit.ly/claim-now now.
spam,Limited offer: get loan approved instantly. Click bit.ly/claim-now to apply.
spam,"Final notice! Claim your uncollected reward of Rs 50,000 by texting CLAIM to 80808."
ham,I reached home safely. Call me when you are free.
spam,"Final notice! Claim your uncollected reward of Rs 10,000 by texting CLAIM to 80808."
spam,URGENT! Your mobile number won a lucky draw for smart watch. Reply CLAIM to 90909.
spam,"You have won a gift card worth Rs 1,00,000. Reply GIFT to 80808. Offer valid today only."
spam,Act now! Last 2 hours to claim your jackpot prize at reward-center.net.
ham,Thanks for your help with the lab work work.
spam,Earn Rs 5000 daily from home. Register at claim-bonus-now.com.
spam,Selected customer alert: get premium membership free. Confirm at bit.ly/claim-now.
spam,Exclusive deal! Buy 1 get 3 free only today. Tap bit.ly/claim-now.
spam,Your account is suspended. Verify details at bit.ly/claim-now immediately.
spam,"You have won a gift card worth Rs 75,000. Reply GIFT to 90909."
spam,Congratulations! You are chosen for a free vacation. Call now on 54545. Offer valid today only.
ham,"I left your book at the office gate, collect it when possible."
spam,Free entry in weekly contest to win voucher. Send YES to 12121 today. Offer valid today only.
spam,"Final notice! Claim your uncollected reward of Rs 50,000 by texting CLAIM to 80808."
spam,Your account is suspended. Verify details at bit.ly/claim-now immediately.
spam,Your account is suspended. Verify details at reward-center.net immediately. Offer valid today only.
spam,Your account is suspended. Verify details at bit.ly/claim-now immediately.
ham,Meeting moved to conference room at 11:00 am.
spam,"Final notice! Claim your uncollected reward of Rs 50,000 by texting CLAIM to 54545. Offer valid today only."
ham,Can we reschedule to Thursday 11:00 am? Please confirm.
spam,URGENT! Your mobile number won a lucky draw for bike. Reply CLAIM to 90909.
spam,Exclusive deal! Buy 1 get 3 free only today. Tap claim-bonus-now.com.
ham,The class starts at 7:15 pm; do not be late. Please confirm.
spam,URGENT! Your mobile number won a lucky draw for voucher. Reply CLAIM to 90909. Offer valid today only.
spam,Selected customer alert: get premium membership free. Confirm at tinyurl.com/rewardfast. Offer valid today only.
ham,Can we reschedule to Monday 7:15 pm?
spam,Congratulations! You are chosen for a free vacation. Call now on 80808.
ham,Mom asked if you can come home early today. Please confirm.
spam,"Airtel promo: You won Rs 50,000 recharge coupon. Redeem at tinyurl.com/rewardfast."
spam,"Dear user, your KYC failed. Update immediately on tinyurl.com/rewardfast."
ham,Dinner plan tonight at 7:15 pm?
ham,The class starts at 5:00 pm; do not be late.
ham,Thanks for your help with the assignment work.
spam,Congratulations! You are chosen for a free vacation. Call now on 80808.
spam,"Final notice! Claim your uncollected reward of Rs 1,00,000 by texting CLAIM to 56060. Offer valid today only."
spam,"Final notice! Claim your uncollected reward of Rs 25,000 by texting CLAIM to 56060."
spam,"Final notice! Claim your uncollected reward of Rs 50,000 by texting CLAIM to 56060. Offer valid today only."
spam,"Airtel promo: You won Rs 75,000 recharge coupon. Redeem at tinyurl.com/rewardfast. Offer valid today only."
spam,Hot singles near you are waiting. Visit tinyurl.com/rewardfast now. Offer valid today only.
ham,Please transfer Rs 1200 to my UPI when you can.
spam,Limited offer: get loan approved instantly. Click bit.ly/claim-now to apply. Offer valid today only.
ham,Dinner plan tonight at 6:30 pm?
ham,Your appointment is confirmed for Friday at 8:00 am.
ham,Please transfer Rs 250 to my UPI when you can.
spam,"Vi promo: You won Rs 75,000 recharge coupon. Redeem at bit.ly/claim-now. Offer valid today only."
spam,Act now! Last 2 hours to claim your jackpot prize at claim-bonus-now.com. Offer valid today only.
ham,"I left your book at the main road, collect it when possible."
spam,URGENT! Your mobile number won a lucky draw for headphones. Reply CLAIM to 12121.
ham,Can you send me the notes for physics before Monday?
ham,"Hey John, are we still meeting at 8:00 am near the canteen?"
ham,Meeting moved to conference room at 9:30 am. Please confirm.
ham,I reached home safely. Call me when you are free.
ham,The class starts at 9:30 am; do not be late. Please confirm.
spam,"You have won a gift card worth Rs 10,000. Reply GIFT to 87121."
spam,Hot singles near you are waiting. Visit tinyurl.com/rewardfast now. Offer valid today only.
ham,Please pick up milk and bread on your way back.
spam,"Jio promo: You won Rs 25,000 recharge coupon. Redeem at bit.ly/claim-now. Offer valid today only."
spam,Hot singles near you are waiting. Visit reward-center.net now.
spam,Exclusive deal! Buy 1 get 3 free only today. Tap reward-center.net.
spam,Act now! Last 2 hours to claim your jackpot prize at claim-bonus-now.com.
ham,Let us have lunch at the library tomorrow.
ham,Thanks for your help with the assignment work.
spam,Exclusive deal! Buy 1 get 3 free only today. Tap tinyurl.com/rewardfast.
spam,URGENT! Your mobile number won a lucky draw for phone. Reply CLAIM to 80808. Offer valid today only.
spam,"Dear user, your KYC failed. Update immediately on bit.ly/claim-now. Offer valid today only."
ham,Meeting moved to conference room at 8:00 am. Please confirm.
spam,"Dear user, your KYC failed. Update immediately on reward-center.net."
ham,Let us have lunch at the station tomorrow.
spam,Free entry in weekly contest to win bike. Send YES to 12121 today. Offer valid today only.
spam,Hot singles near you are waiting. Visit reward-center.net now. Offer valid today only.
spam,Act now! Last 2 hours to claim your jackpot prize at bit.ly/claim-now.
ham,"I will be late by 10 minutes, traffic is heavy."
spam,"You have won a gift card worth Rs 75,000. Reply GIFT to 54545."
ham,Can you send me the notes for math before Monday?
ham,"I will be late by 10 minutes, traffic is heavy."
spam,Hot singles near you are waiting. Visit tinyurl.com/rewardfast now.
ham,Please pick up milk and bread on your way back. Please confirm.
ham,Please transfer Rs 650 to my UPI when you can. Please confirm.
ham,"I left your book at the library, collect it when possible."
ham,Can we reschedule to Saturday 5:00 pm?
ham,Please transfer Rs 400 to my UPI when you can.
ham,Please transfer Rs 650 to my UPI when you can.
ham,Mom asked if you can come home early today.
ham,Can you send me the notes for lab work before Saturday?
spam,Selected customer alert: get premium membership free. Confirm at reward-center.net. Offer valid today only.
spam,URGENT! Your mobile number won a lucky draw for laptop. Reply CLAIM to 80808.
spam,"BSNL promo: You won Rs 10,000 recharge coupon. Redeem at tinyurl.com/rewardfast."
ham,Dinner plan tonight at 9:30 am? Please confirm.
ham,Let us have lunch at the main road tomorrow. Please confirm.
ham,Can we reschedule to Thursday 9:30 am?
spam,Earn Rs 5000 daily from home. Register at reward-center.net.
ham,Let us have lunch at the canteen tomorrow.
spam,Congratulations! You are chosen for a free vacation. Call now on 87121.
spam,Selected customer alert: get premium membership free. Confirm at claim-bonus-now.com. Offer valid today only.
ham,Can we reschedule to Monday 7:15 pm?
spam,Free entry in weekly contest to win phone. Send YES to 12121 today. Offer valid today only.
ham,"I left your book at the station, collect it when possible."
ham,"I left your book at the campus, collect it when possible."
spam,Congratulations! You are chosen for a free vacation. Call now on 90909.
spam,"Final notice! Claim your uncollected reward of Rs 10,000 by texting CLAIM to 80808."
ham,Can we reschedule to Tuesday 6:30 pm?
ham,I reached home safely. Call me when you are free.
spam,"WINNER! You have been selected to receive Rs 50,000 cash prize. Text WIN to 54545 now."
ham,"I left your book at the library, collect it when possible. Please confirm."
spam,Act now! Last 2 hours to claim your jackpot prize at bit.ly/claim-now. Offer valid today only.
spam,Exclusive deal! Buy 1 get 3 free only today. Tap tinyurl.com/rewardfast.
ham,Let us have lunch at the main road tomorrow.
spam,Act now! Last 2 hours to claim your jackpot prize at claim-bonus-now.com. Offer valid today only.
spam,Exclusive deal! Buy 1 get 3 free only today. Tap claim-bonus-now.com.
spam,Hot singles near you are waiting. Visit reward-center.net now. Offer valid today only.
spam,Act now! Last 2 hours to claim your jackpot prize at reward-center.net. Offer valid today only.
ham,Your appointment is confirmed for Saturday at 9:30 am.
spam,URGENT! Your mobile number won a lucky draw for laptop. Reply CLAIM to 90909.
ham,"I left your book at the bus stop, collect it when possible. Please confirm."
ham,Can we reschedule to Wednesday 7:15 pm?
spam,"WINNER! You have been selected to receive Rs 1,00,000 cash prize. Text WIN to 87121 now."
ham,I reached home safely. Call me when you are free.
ham,Meeting moved to conference room at 5:00 pm.
ham,Let us have lunch at the main road tomorrow.
ham,Can you send me the notes for math before Thursday? Please confirm.
ham,Can we reschedule to Saturday 7:15 pm?
ham,"I will be late by 10 minutes, traffic is heavy."
ham,"Hey Karan, are we still meeting at 9:30 am near the canteen?"
ham,Can we reschedule to Tuesday 7:15 pm? Please confirm.
ham,Meeting moved to conference room at 7:15 pm.
ham,Can you send me the notes for assignment before Monday?
spam,"You have won a gift card worth Rs 10,000. Reply GIFT to 80808."
spam,Earn Rs 5000 daily from home. Register at tinyurl.com/rewardfast. Offer valid today only.
ham,The class starts at 7:15 pm; do not be late. Please confirm.
spam,Selected customer alert: get premium membership free. Confirm at claim-bonus-now.com.
spam,Your account is suspended. Verify details at reward-center.net immediately.
spam,Hot singles near you are waiting. Visit reward-center.net now. Offer valid today only.
ham,"Hey Karan, are we still meeting at 6:30 pm near the bus stop? Please confirm."
ham,Meeting moved to conference room at 11:00 am. Please confirm.
spam,Congratulations! You are chosen for a free vacation. Call now on 12121.
ham,Your appointment is confirmed for Saturday at 8:00 am. Please confirm.
ham,"I left your book at the main road, collect it when possible. Please confirm."
ham,The class starts at 9:30 am; do not be late.
spam,"You have won a gift card worth Rs 75,000. Reply GIFT to 80808."
ham,Please transfer Rs 400 to my UPI when you can.
spam,"Jio promo: You won Rs 25,000 recharge coupon. Redeem at bit.ly/claim-now."
ham,Please pick up milk and bread on your way back.
ham,Let us have lunch at the office gate tomorrow.
ham,I reached home safely. Call me when you are free.
spam,URGENT! Your mobile number won a lucky draw for smart watch. Reply CLAIM to 87121.
spam,Congratulations! You are chosen for a free vacation. Call now on 56060. Offer valid today only.
spam,Selected customer alert: get premium membership free. Confirm at bit.ly/claim-now.
ham,Dinner plan tonight at 6:30 pm?
spam,URGENT! Your mobile number won a lucky draw for smart watch. Reply CLAIM to 80808.
ham,Please pick up milk and bread on your way back.
spam,Selected customer alert: get premium membership free. Confirm at claim-bonus-now.com.
ham,Let us have lunch at the bus stop tomorrow.
spam,Exclusive deal! Buy 1 get 3 free only today. Tap bit.ly/claim-now.
ham,Please transfer Rs 650 to my UPI when you can. Please confirm.
spam,Act now! Last 2 hours to claim your jackpot prize at bit.ly/claim-now.
ham,Thanks for your help with the presentation work.
spam,Congratulations! You are chosen for a free vacation. Call now on 56060. Offer valid today only.
ham,Let us have lunch at the office gate tomorrow. Please confirm.
ham,Your appointment is confirmed for Tuesday at 7:15 pm. Please confirm.
spam,Hot singles near you are waiting. Visit tinyurl.com/rewardfast now. Offer valid today only.
spam,Your account is suspended. Verify details at claim-bonus-now.com immediately.
ham,Please pick up milk and bread on your way back. Please confirm.
spam,Act now! Last 2 hours to claim your jackpot prize at reward-center.net.
ham,The class starts at 6:30 pm; do not be late.
ham,Thanks for your help with the assignment work. Please confirm.
ham,"I left your book at the bus stop, collect it when possible. Please confirm."
ham,Mom asked if you can come home early today.
ham,Meeting moved to conference room at 11:00 am.
spam,Congratulations! You are chosen for a free vacation. Call now on 87121.
ham,Mom asked if you can come home early today.
ham,Let us have lunch at the mall tomorrow. Please confirm.
ham,Mom asked if you can come home early today.
ham,"I left your book at the mall, collect it when possible."
ham,Let us have lunch at the office gate tomorrow. Please confirm.
ham,"I left your book at the campus, collect it when possible."
ham,Please pick up milk and bread on your way back.
spam,Selected customer alert: get premium membership free. Confirm at bit.ly/claim-now. Offer valid today only.
spam,"Jio promo: You won Rs 75,000 recharge coupon. Redeem at bit.ly/claim-now. Offer valid today only."
spam,"BSNL promo: You won Rs 50,000 recharge coupon. Redeem at reward-center.net."
ham,Please transfer Rs 400 to my UPI when you can.
spam,Earn Rs 5000 daily from home. Register at tinyurl.com/rewardfast.
spam,Your account is suspended. Verify details at reward-center.net immediately.
ham,Please pick up milk and bread on your way back.
spam,"Dear user, your KYC failed. Update immediately on tinyurl.com/rewardfast."
spam,Exclusive deal! Buy 1 get 3 free only today. Tap claim-bonus-now.com.
spam,Earn Rs 5000 daily from home. Register at tinyurl.com/rewardfast. Offer valid today only.
spam,"Jio promo: You won Rs 1,00,000 recharge coupon. Redeem at claim-bonus-now.com."
ham,Your appointment is confirmed for Tuesday at 5:00 pm.
spam,Selected customer alert: get premium membership free. Confirm at claim-bonus-now.com.
spam,"Airtel promo: You won Rs 75,000 recharge coupon. Redeem at tinyurl.com/rewardfast. Offer valid today only."
ham,"I will be late by 10 minutes, traffic is heavy."
spam,Act now! Last 2 hours to claim your jackpot prize at claim-bonus-now.com.
ham,"I left your book at the mall, collect it when possible."
spam,"Vi promo: You won Rs 25,000 recharge coupon. Redeem at claim-bonus-now.com."
spam,Your account is suspended. Verify details at tinyurl.com/rewardfast immediately.
ham,Dinner plan tonight at 5:00 pm?
ham,"I left your book at the park, collect it when possible. Please confirm."
spam,"Airtel promo: You won Rs 25,000 recharge coupon. Redeem at reward-center.net."
ham,Please pick up milk and bread on your way back.
spam,Act now! Last 2 hours to claim your jackpot prize at claim-bonus-now.com.
spam,Congratulations! You are chosen for a free vacation. Call now on 90909. Offer valid today only.
ham,Can you send me the notes for report before Tuesday?
spam,"Dear user, your KYC failed. Update immediately on claim-bonus-now.com. Offer valid today only."
ham,Your appointment is confirmed for Tuesday at 11:00 am.
ham,Mom asked if you can come home early today.
ham,"Hey Priya, are we still meeting at 7:15 pm near the park?"
spam,Limited offer: get loan approved instantly. Click bit.ly/claim-now to apply.
ham,"I will be late by 10 minutes, traffic is heavy. Please confirm."
ham,"I will be late by 10 minutes, traffic is heavy."
spam,Limited offer: get loan approved instantly. Click tinyurl.com/rewardfast to apply.
spam,Exclusive deal! Buy 1 get 3 free only today. Tap tinyurl.com/rewardfast.
spam,"BSNL promo: You won Rs 10,000 recharge coupon. Redeem at bit.ly/claim-now."
ham,The class starts at 5:00 pm; do not be late. Please confirm.
spam,"BSNL promo: You won Rs 10,000 recharge coupon. Redeem at tinyurl.com/rewardfast."
spam,Your account is suspended. Verify details at claim-bonus-now.com immediately.
spam,"Dear user, your KYC failed. Update immediately on reward-center.net. Offer valid today only."
ham,Please pick up milk and bread on your way back. Please confirm.
spam,"Dear user, your KYC failed. Update immediately on reward-center.net. Offer valid today only."
spam,"Final notice! Claim your uncollected reward of Rs 10,000 by texting CLAIM to 87121."
spam,"WINNER! You have been selected to receive Rs 1,00,000 cash prize. Text WIN to 87121 now."
ham,Please pick up milk and bread on your way back.
ham,I reached home safely. Call me when you are free.
spam,"Jio promo: You won Rs 10,000 recharge coupon. Redeem at bit.ly/claim-now."
spam,"BSNL promo: You won Rs 50,000 recharge coupon. Redeem at reward-center.net. Offer valid today only."
ham,Please transfer Rs 400 to my UPI when you can. Please confirm.
ham,Please transfer Rs 1200 to my UPI when you can.
ham,Thanks for your help with the lab work work.
ham,Can you send me the notes for assignment before Tuesday? Please confirm.
spam,"Airtel promo: You won Rs 25,000 recharge coupon. Redeem at claim-bonus-now.com."
spam,Selected customer alert: get premium membership free. Confirm at claim-bonus-now.com. Offer valid today only.
spam,"You have won a gift card worth Rs 1,00,000. Reply GIFT to 12121. Offer valid today only."
ham,"Hey John, are we still meeting at 5:00 pm near the main road? Please confirm."
spam,URGENT! Your mobile number won a lucky draw for phone. Reply CLAIM to 12121. Offer valid today only.
ham,I reached home safely. Call me when you are free.
ham,Can we reschedule to Tuesday 5:00 pm? Please confirm.
spam,Limited offer: get loan approved instantly. Click reward-center.net to apply.
spam,Your account is suspended. Verify details at reward-center.net immediately. Offer valid today only.
ham,"I left your book at the mall, collect it when possible."
ham,Meeting moved to conference room at 9:30 am.
spam,Limited offer: get loan approved instantly. Click reward-center.net to apply. Offer valid today only.
ham,I reached home safely. Call me when you are free.
ham,"I left your book at the bus stop, collect it when possible. Please confirm."
spam,Earn Rs 5000 daily from home. Register at reward-center.net.
ham,I reached home safely. Call me when you are free.
ham,I reached home safely. Call me when you are free. Please confirm.
ham,The class starts at 6:30 pm; do not be late. Please confirm.
spam,Free entry in weekly contest to win bike. Send YES to 90909 today.
ham,"Hey Priya, are we still meeting at 6:30 pm near the mall?"
spam,Hot singles near you are waiting. Visit tinyurl.com/rewardfast now.
spam,Exclusive deal! Buy 1 get 3 free only today. Tap reward-center.net.
ham,Let us have lunch at the bus stop tomorrow.
spam,Earn Rs 5000 daily from home. Register at claim-bonus-now.com.
ham,"Hey Priya, are we still meeting at 5:00 pm near the station? Please confirm."
spam,Free entry in weekly contest to win phone. Send YES to 80808 today.
ham,Please pick up milk and bread on your way back.
spam,"You have won a gift card worth Rs 25,000. Reply GIFT to 54545."
spam,Free entry in weekly contest to win phone. Send YES to 54545 today. Offer valid today only.
ham,Can we reschedule to Thursday 9:30 am?
spam,Congratulations! You are chosen for a free vacation. Call now on 87121.
spam,Hot singles near you are waiting. Visit tinyurl.com/rewardfast now. Offer valid today only.
spam,"You have won a gift card worth Rs 25,000. Reply GIFT to 90909. Offer valid today only."
spam,"You have won a gift card worth Rs 10,000. Reply GIFT to 12121."
ham,Can we reschedule to Saturday 8:00 am?
ham,Can you send me the notes for presentation before Thursday?
ham,"I left your book at the mall, collect it when possible. Please confirm."
ham,Thanks for your help with the assignment work.
spam,"Dear user, your KYC failed. Update immediately on tinyurl.com/rewardfast. Offer valid today only."
spam,Selected customer alert: get premium membership free. Confirm at claim-bonus-now.com.
ham,The class starts at 7:15 pm; do not be late.
ham,Dinner plan tonight at 9:30 am?
ham,Please transfer Rs 900 to my UPI when you can. Please confirm.
ham,Meeting moved to conference room at 9:30 am. Please confirm.
ham,The class starts at 9:30 am; do not be late. Please confirm.
ham,Thanks for your help with the report work.
ham,"Hey Karan, are we still meeting at 8:00 am near the canteen?"
ham,Please pick up milk and bread on your way back.
spam,Congratulations! You are chosen for a free vacation. Call now on 80808.
ham,I reached home safely. Call me when you are free.
spam,"BSNL promo: You won Rs 1,00,000 recharge coupon. Redeem at tinyurl.com/rewardfast."
ham,"Hey Anita, are we still meeting at 11:00 am near the station? Please confirm."
ham,Mom asked if you can come home early today.
spam,Congratulations! You are chosen for a free vacation. Call now on 54545.
spam,Your account is suspended. Verify details at claim-bonus-now.com immediately. Offer valid today only.
spam,Exclusive deal! Buy 1 get 3 free only today. Tap tinyurl.com/rewardfast. Offer valid today only.
spam,Act now! Last 2 hours to claim your jackpot prize at tinyurl.com/rewardfast. Offer valid today only.
spam,Act now! Last 2 hours to claim your jackpot prize at claim-bonus-now.com.
spam,Your account is suspended. Verify details at bit.ly/claim-now immediately.
ham,Can we reschedule to Friday 11:00 am?
spam,Earn Rs 5000 daily from home. Register at reward-center.net.
spam,URGENT! Your mobile number won a lucky draw for smart watch. Reply CLAIM to 80808. Offer valid today only.
ham,Please transfer Rs 1200 to my UPI when you can.
ham,Meeting moved to conference room at 11:00 am.
ham,I reached home safely. Call me when you are free.
spam,Limited offer: get loan approved instantly. Click bit.ly/claim-now to apply. Offer valid today only.
ham,Meeting moved to conference room at 7:15 pm.
ham,Please pick up milk and bread on your way back. Please confirm.
spam,Congratulations! You are chosen for a free vacation. Call now on 54545.
ham,Thanks for your help with the presentation work.
ham,Can we reschedule to Thursday 8:00 am? Please confirm.
spam,Limited offer: get loan approved instantly. Click tinyurl.com/rewardfast to apply. Offer valid today only.
spam,Earn Rs 5000 daily from home. Register at bit.ly/claim-now.
spam,"You have won a gift card worth Rs 10,000. Reply GIFT to 12121."
ham,Can you send me the notes for project before Thursday?
ham,I reached home safely. Call me when you are free.
ham,Can you send me the notes for chemistry before Tuesday?
spam,Earn Rs 5000 daily from home. Register at tinyurl.com/rewardfast. Offer valid today only.
spam,Congratulations! You are chosen for a free vacation. Call now on 80808.
spam,Exclusive deal! Buy 1 get 3 free only today. Tap bit.ly/claim-now. Offer valid today only.
ham,Can you send me the notes for math before Thursday? Please confirm.
ham,"Hey Riya, are we still meeting at 8:00 am near the canteen?"
ham,I reached home safely. Call me when you are free.
ham,Dinner plan tonight at 7:15 pm?
ham,"I will be late by 10 minutes, traffic is heavy. Please confirm."
spam,Your account is suspended. Verify details at claim-bonus-now.com immediately. Offer valid today only.
ham,The class starts at 7:15 pm; do not be late.
spam,"Dear user, your KYC failed. Update immediately on bit.ly/claim-now. Offer valid today only."
ham,Can we reschedule to Monday 6:30 pm?
spam,Exclusive deal! Buy 1 get 3 free only today. Tap claim-bonus-now.com.
spam,"Dear user, your KYC failed. Update immediately on claim-bonus-now.com. Offer valid today only."
spam,Free entry in weekly contest to win headphones. Send YES to 87121 today.
spam,Earn Rs 5000 daily from home. Register at tinyurl.com/rewardfast.
ham,I reached home safely. Call me when you are free.
ham,Please pick up milk and bread on your way back. Please confirm.
spam,Your account is suspended. Verify details at reward-center.net immediately. Offer valid today only.
spam,Congratulations! You are chosen for a free vacation. Call now on 87121.
spam,Exclusive deal! Buy 1 get 3 free only today. Tap tinyurl.com/rewardfast. Offer valid today only.
ham,Thanks for your help with the chemistry work. Please confirm.
ham,Mom asked if you can come home early today. Please confirm.
spam,"Jio promo: You won Rs 50,000 recharge coupon. Redeem at reward-center.net. Offer valid today only."
spam,Hot singles near you are waiting. Visit claim-bonus-now.com now.
ham,"I will be late by 10 minutes, traffic is heavy."
ham,Can we reschedule to Tuesday 8:00 am?
spam,Hot singles near you are waiting. Visit bit.ly/claim-now now.
spam,Free entry in weekly contest to win voucher. Send YES to 87121 today. Offer valid today only.
spam,"You have won a gift card worth Rs 25,000. Reply GIFT to 56060."
ham,Dinner plan tonight at 8:00 am?
ham,Your appointment is confirmed for Friday at 11:00 am. Please confirm.
ham,Meeting moved to conference room at 11:00 am. Please confirm.
ham,The class starts at 9:30 am; do not be late.
spam,Selected customer alert: get premium membership free. Confirm at reward-center.net. Offer valid today only.
spam,Your account is suspended. Verify details at tinyurl.com/rewardfast immediately.
ham,Let us have lunch at the office gate tomorrow.
spam,URGENT! Your mobile number won a lucky draw for headphones. Reply CLAIM to 12121. Offer valid today only.
ham,Your appointment is confirmed for Thursday at 7:15 pm.
spam,Limited offer: get loan approved instantly. Click bit.ly/claim-now to apply.
ham,The class starts at 6:30 pm; do not be late. Please confirm.
spam,Earn Rs 5000 daily from home. Register at bit.ly/claim-now.
spam,Exclusive deal! Buy 1 get 3 free only today. Tap claim-bonus-now.com.
ham,Meeting moved to conference room at 6:30 pm.
ham,Thanks for your help with the assignment work. Please confirm.
ham,"I will be late by 10 minutes, traffic is heavy. Please confirm."
ham,"Hey John, are we still meeting at 8:00 am near the mall?"
spam,"WINNER! You have been selected to receive Rs 1,00,000 cash prize. Text WIN to 56060 now."
ham,"I left your book at the mall, collect it when possible."
ham,Can you send me the notes for math before Thursday?
spam,"You have won a gift card worth Rs 1,00,000. Reply GIFT to 54545."
spam,"WINNER! You have been selected to receive Rs 1,00,000 cash prize. Text WIN to 56060 now. Offer valid today only."
ham,Mom asked if you can come home early today. Please confirm.
ham,"I left your book at the main road, collect it when possible."
spam,"WINNER! You have been selected to receive Rs 10,000 cash prize. Text WIN to 87121 now. Offer valid today only."
spam,Act now! Last 2 hours to claim your jackpot prize at reward-center.net.
spam,Your account is suspended. Verify details at tinyurl.com/rewardfast immediately. Offer valid today only.
spam,Free entry in weekly contest to win voucher. Send YES to 12121 today.
ham,Can we reschedule to Saturday 5:00 pm?
ham,"I left your book at the library, collect it when possible. Please confirm."
ham,Your appointment is confirmed for Monday at 5:00 pm.
ham,Meeting moved to conference room at 9:30 am. Please confirm.
spam,"WINNER! You have been selected to receive Rs 50,000 cash prize. Text WIN to 87121 now. Offer valid today only."
ham,Please pick up milk and bread on your way back. Please confirm.
ham,Can we reschedule to Saturday 5:00 pm?
spam,"Dear user, your KYC failed. Update immediately on claim-bonus-now.com."
ham,Mom asked if you can come home early today.
ham,Can we reschedule to Saturday 8:00 am?
ham,Meeting moved to conference room at 8:00 am. Please confirm.
ham,Meeting moved to conference room at 11:00 am.
ham,Dinner plan tonight at 5:00 pm?
spam,"You have won a gift card worth Rs 10,000. Reply GIFT to 56060. Offer valid today only."
ham,Let us have lunch at the station tomorrow.
ham,Meeting moved to conference room at 7:15 pm.
ham,Your appointment is confirmed for Friday at 11:00 am. Please confirm.
spam,Exclusive deal! Buy 1 get 3 free only today. Tap bit.ly/claim-now.
spam,"Vi promo: You won Rs 75,000 recharge coupon. Redeem at reward-center.net."
ham,Can we reschedule to Wednesday 5:00 pm?
spam,"Dear user, your KYC failed. Update immediately on tinyurl.com/rewardfast. Offer valid today only."
ham,Meeting moved to conference room at 7:15 pm.
ham,Thanks for your help with the lab work work. Please confirm.
ham,Thanks for your help with the chemistry work.
spam,Congratulations! You are chosen for a free vacation. Call now on 90909. Offer valid today only.
ham,Thanks for your help with the chemistry work. Please confirm.
ham,Let us have lunch at the main road tomorrow.
spam,"Dear user, your KYC failed. Update immediately on bit.ly/claim-now. Offer valid today only."
spam,Your account is suspended. Verify details at bit.ly/claim-now immediately. Offer valid today only.
spam,Limited offer: get loan approved instantly. Click bit.ly/claim-now to apply. Offer valid today only.
ham,Let us have lunch at the office gate tomorrow.
spam,"Dear user, your KYC failed. Update immediately on bit.ly/claim-now. Offer valid today only."
ham,Let us have lunch at the campus tomorrow.
spam,Earn Rs 5000 daily from home. Register at tinyurl.com/rewardfast.
ham,Thanks for your help with the project work. Please confirm.
ham,Mom asked if you can come home early today.
ham,Meeting moved to conference room at 11:00 am.
ham,Please transfer Rs 900 to my UPI when you can.
spam,Congratulations! You are chosen for a free vacation. Call now on 56060. Offer valid today only.
ham,Can you send me the notes for physics before Thursday? Please confirm.
spam,Your account is suspended. Verify details at claim-bonus-now.com immediately. Offer valid today only.
spam,Limited offer: get loan approved instantly. Click bit.ly/claim-now to apply.
ham,Your appointment is confirmed for Friday at 5:00 pm. Please confirm.
ham,The class starts at 6:30 pm; do not be late. Please confirm.
ham,Please pick up milk and bread on your way back.
spam,"Final notice! Claim your uncollected reward of Rs 1,00,000 by texting CLAIM to 12121."
spam,Exclusive deal! Buy 1 get 3 free only today. Tap tinyurl.com/rewardfast. Offer valid today only.
spam,URGENT! Your mobile number won a lucky draw for voucher. Reply CLAIM to 54545.
ham,Your appointment is confirmed for Wednesday at 5:00 pm.
spam,"Final notice! Claim your uncollected reward of Rs 75,000 by texting CLAIM to 90909."
spam,"You have won a gift card worth Rs 75,000. Reply GIFT to 12121."
ham,Can you send me the notes for presentation before Tuesday?
spam,Selected customer alert: get premium membership free. Confirm at tinyurl.com/rewardfast.
ham,Dinner plan tonight at 11:00 am?
ham,The class starts at 8:00 am; do not be late.
ham,I reached home safely. Call me when you are free.
ham,Your appointment is confirmed for Saturday at 5:00 pm.
ham,"I left your book at the station, collect it when possible."
spam,Earn Rs 5000 daily from home. Register at tinyurl.com/rewardfast. Offer valid today only.
spam,Limited offer: get loan approved instantly. Click claim-bonus-now.com to apply.
ham,I reached home safely. Call me when you are free.
ham,"I left your book at the office gate, collect it when possible."
ham,Can you send me the notes for chemistry before Saturday?
spam,Limited offer: get loan approved instantly. Click bit.ly/claim-now to apply.
ham,Thanks for your help with the presentation work.
ham,Can we reschedule to Friday 7:15 pm?
ham,"Hey Maya, are we still meeting at 6:30 pm near the campus? Please confirm."
spam,Congratulations! You are chosen for a free vacation. Call now on 56060. Offer valid today only.
spam,Congratulations! You are chosen for a free vacation. Call now on 12121. Offer valid today only.
ham,Please pick up milk and bread on your way back.
spam,"Final notice! Claim your uncollected reward of Rs 10,000 by texting CLAIM to 80808."
ham,I reached home safely. Call me when you are free. Please confirm.
spam,"Dear user, your KYC failed. Update immediately on bit.ly/claim-now. Offer valid today only."
spam,Free entry in weekly contest to win headphones. Send YES to 54545 today.
spam,"WINNER! You have been selected to receive Rs 50,000 cash prize. Text WIN to 87121 now. Offer valid today only."
spam,"Dear user, your KYC failed. Update immediately on bit.ly/claim-now."
ham,"I will be late by 10 minutes, traffic is heavy. Please confirm."
ham,Mom asked if you can come home early today.
ham,The class starts at 8:00 am; do not be late.
ham,Your appointment is confirmed for Friday at 11:00 am. Please confirm.
ham,Dinner plan tonight at 7:15 pm? Please confirm.
spam,Selected customer alert: get premium membership free. Confirm at tinyurl.com/rewardfast.
ham,Please pick up milk and bread on your way back. Please confirm.
spam,"Dear user, your KYC failed. Update immediately on tinyurl.com/rewardfast. Offer valid today only."
ham,Can we reschedule to Saturday 8:00 am?
spam,Your account is suspended. Verify details at reward-center.net immediately.
spam,"Final notice! Claim your uncollected reward of Rs 10,000 by texting CLAIM to 12121. Offer valid today only."
ham,Please transfer Rs 1200 to my UPI when you can. Please confirm.
spam,Hot singles near you are waiting. Visit claim-bonus-now.com now.
spam,"BSNL promo: You won Rs 1,00,000 recharge coupon. Redeem at claim-bonus-now.com."
ham,Can we reschedule to Tuesday 8:00 am?
spam,Congratulations! You are chosen for a free vacation. Call now on 87121.
ham,Let us have lunch at the station tomorrow.
spam,"Airtel promo: You won Rs 75,000 recharge coupon. Redeem at tinyurl.com/rewardfast. Offer valid today only."
ham,I reached home safely. Call me when you are free.
spam,Congratulations! You are chosen for a free vacation. Call now on 87121.
spam,Your account is suspended. Verify details at claim-bonus-now.com immediately.
spam,Congratulations! You are chosen for a free vacation. Call now on 56060.
spam,Free entry in weekly contest to win laptop. Send YES to 87121 today. Offer valid today only.
spam,"WINNER! You have been selected to receive Rs 25,000 cash prize. Text WIN to 56060 now."
ham,Thanks for your help with the presentation work.
ham,I reached home safely. Call me when you are free. Please confirm.
ham,"I will be late by 10 minutes, traffic is heavy. Please confirm."
spam,Act now! Last 2 hours to claim your jackpot prize at claim-bonus-now.com. Offer valid today only.
ham,Dinner plan tonight at 7:15 pm?
spam,Selected customer alert: get premium membership free. Confirm at reward-center.net. Offer valid today only.
ham,Please pick up milk and bread on your way back.
ham,The class starts at 7:15 pm; do not be late.
ham,Mom asked if you can come home early today.
ham,"I left your book at the park, collect it when possible. Please confirm."
ham,Thanks for your help with the lab work work.
spam,"Final notice! Claim your uncollected reward of Rs 10,000 by texting CLAIM to 90909. Offer valid today only."
ham,Let us have lunch at the station tomorrow. Please confirm.
spam,"WINNER! You have been selected to receive Rs 10,000 cash prize. Text WIN to 90909 now."
spam,"WINNER! You have been selected to receive Rs 1,00,000 cash prize. Text WIN to 54545 now."
ham,Mom asked if you can come home early today. Please confirm.
ham,Meeting moved to conference room at 6:30 pm. Please confirm.
ham,Please transfer Rs 1200 to my UPI when you can. Please confirm.
ham,"I will be late by 10 minutes, traffic is heavy. Please confirm."
spam,Limited offer: get loan approved instantly. Click reward-center.net to apply.
spam,"Final notice! Claim your uncollected reward of Rs 50,000 by texting CLAIM to 87121. Offer valid today only."
spam,Free entry in weekly contest to win voucher. Send YES to 90909 today. Offer valid today only.
spam,"Jio promo: You won Rs 50,000 recharge coupon. Redeem at tinyurl.com/rewardfast."
spam,Earn Rs 5000 daily from home. Register at tinyurl.com/rewardfast. Offer valid today only.
ham,Please transfer Rs 250 to my UPI when you can.
spam,Exclusive deal! Buy 1 get 3 free only today. Tap bit.ly/claim-now. Offer valid today only.
ham,Thanks for your help with the math work.
ham,Please transfer Rs 1200 to my UPI when you can.
spam,URGENT! Your mobile number won a lucky draw for headphones. Reply CLAIM to 90909.
ham,Mom asked if you can come home early today. Please confirm.
spam,Earn Rs 5000 daily from home. Register at reward-center.net. Offer valid today only.
spam,Hot singles near you are waiting. Visit tinyurl.com/rewardfast now.
spam,"You have won a gift card worth Rs 75,000. Reply GIFT to 12121."
ham,"I will be late by 10 minutes, traffic is heavy."
spam,Congratulations! You are chosen for a free vacation. Call now on 12121.
ham,"Hey Riya, are we still meeting at 6:30 pm near the main road?"
spam,"Final notice! Claim your uncollected reward of Rs 1,00,000 by texting CLAIM to 80808."
spam,Exclusive deal! Buy 1 get 3 free only today. Tap claim-bonus-now.com. Offer valid today only.
ham,Please transfer Rs 1200 to my UPI when you can.
spam,Your account is suspended. Verify details at reward-center.net immediately.
spam,Free entry in weekly contest to win laptop. Send YES to 56060 today.
ham,Your appointment is confirmed for Friday at 7:15 pm. Please confirm.
ham,Can you send me the notes for assignment before Saturday?
spam,Earn Rs 5000 daily from home. Register at tinyurl.com/rewardfast. Offer valid today only.
ham,I reached home safely. Call me when you are free. Please confirm.
ham,Your appointment is confirmed for Thursday at 8:00 am.
ham,I reached home safely. Call me when you are free.
ham,Let us have lunch at the park tomorrow.
ham,Your appointment is confirmed for Thursday at 9:30 am.
spam,Free entry in weekly contest to win bike. Send YES to 56060 today. Offer valid today only.
ham,Can you send me the notes for assignment before Thursday? Please confirm.
spam,Selected customer alert: get premium membership free. Confirm at bit.ly/claim-now. Offer valid today only.
ham,Let us have lunch at the campus tomorrow.
spam,URGENT! Your mobile number won a lucky draw for voucher. Reply CLAIM to 90909.
spam,Limited offer: get loan approved instantly. Click reward-center.net to apply.
ham,Can you send me the notes for physics before Thursday?
ham,"I will be late by 10 minutes, traffic is heavy."
ham,Let us have lunch at the bus stop tomorrow. Please confirm.
ham,Your appointment is confirmed for Tuesday at 8:00 am.
ham,"I will be late by 10 minutes, traffic is heavy."
ham,Your appointment is confirmed for Saturday at 7:15 pm.
ham,The class starts at 6:30 pm; do not be late.
ham,Mom asked if you can come home early today.
spam,Selected customer alert: get premium membership free. Confirm at bit.ly/claim-now. Offer valid today only.
spam,Your account is suspended. Verify details at bit.ly/claim-now immediately.
spam,"Dear user, your KYC failed. Update immediately on bit.ly/claim-now."
ham,Dinner plan tonight at 9:30 am?
ham,Can you send me the notes for project before Thursday?
spam,Selected customer alert: get premium membership free. Confirm at tinyurl.com/rewardfast. Offer valid today only.
ham,Please transfer Rs 900 to my UPI when you can. Please confirm.
spam,"Final notice! Claim your uncollected reward of Rs 1,00,000 by texting CLAIM to 90909. Offer valid today only."
spam,"Dear user, your KYC failed. Update immediately on claim-bonus-now.com."
ham,Your appointment is confirmed for Monday at 5:00 pm. Please confirm.
ham,The class starts at 9:30 am; do not be late.
ham,Your appointment is confirmed for Wednesday at 8:00 am.
ham,"I left your book at the bus stop, collect it when possible."
ham,Thanks for your help with the project work. Please confirm.
spam,Your account is suspended. Verify details at tinyurl.com/rewardfast immediately. Offer valid today only.
ham,Please pick up milk and bread on your way back.
ham,Meeting moved to conference room at 7:15 pm.
spam,URGENT! Your mobile number won a lucky draw for smart watch. Reply CLAIM to 80808.
ham,Meeting moved to conference room at 8:00 am.
spam,Act now! Last 2 hours to claim your jackpot prize at bit.ly/claim-now. Offer valid today only.
spam,URGENT! Your mobile number won a lucky draw for voucher. Reply CLAIM to 54545.
ham,Can we reschedule to Monday 5:00 pm?
ham,Your appointment is confirmed for Wednesday at 5:00 pm.
ham,Please transfer Rs 650 to my UPI when you can.
spam,"Final notice! Claim your uncollected reward of Rs 1,00,000 by texting CLAIM to 56060. Offer valid today only."
spam,Earn Rs 5000 daily from home. Register at tinyurl.com/rewardfast.
ham,I reached home safely. Call me when you are free.
ham,The class starts at 8:00 am; do not be late. Please confirm.
ham,Can you send me the notes for chemistry before Thursday?
ham,Please transfer Rs 650 to my UPI when you can. Please confirm.
ham,Can you send me the notes for physics before Tuesday?
ham,Can we reschedule to Friday 9:30 am? Please confirm.
ham,Can you send me the notes for project before Tuesday? Please confirm.
spam,Free entry in weekly contest to win voucher. Send YES to 80808 today. Offer valid today only.
spam,Limited offer: get loan approved instantly. Click tinyurl.com/rewardfast to apply.
ham,Meeting moved to conference room at 8:00 am.
ham,"I left your book at the library, collect it when possible."
spam,"WINNER! You have been selected to receive Rs 75,000 cash prize. Text WIN to 80808 now."
spam,Congratulations! You are chosen for a free vacation. Call now on 56060.
spam,Limited offer: get loan approved instantly. Click bit.ly/claim-now to apply.
spam,Exclusive deal! Buy 1 get 3 free only today. Tap claim-bonus-now.com.
ham,I reached home safely. Call me when you are free. Please confirm.
spam,URGENT! Your mobile number won a lucky draw for smart watch. Reply CLAIM to 80808.
ham,"Hey Karan, are we still meeting at 9:30 am near the office gate?"
ham,Please pick up milk and bread on your way back.
ham,Dinner plan tonight at 7:15 pm? Please confirm.
spam,"You have won a gift card worth Rs 25,000. Reply GIFT to 54545. Offer valid today only."
spam,Act now! Last 2 hours to claim your jackpot prize at tinyurl.com/rewardfast. Offer valid today only.
ham,Can you send me the notes for physics before Friday? Please confirm.
spam,Hot singles near you are waiting. Visit tinyurl.com/rewardfast now.
ham,Please pick up milk and bread on your way back. Please confirm.
ham,Your appointment is confirmed for Friday at 11:00 am.
ham,Can you send me the notes for physics before Wednesday?
ham,The class starts at 11:00 am; do not be late.
spam,Limited offer: get loan approved instantly. Click reward-center.net to apply. Offer valid today only.
spam,Earn Rs 5000 daily from home. Register at tinyurl.com/rewardfast.
ham,Thanks for your help with the chemistry work. Please confirm.
ham,I reached home safely. Call me when you are free.
spam,Hot singles near you are waiting. Visit tinyurl.com/rewardfast now.
spam,URGENT! Your mobile number won a lucky draw for smart watch. Reply CLAIM to 90909.
ham,Please pick up milk and bread on your way back. Please confirm.
ham,"I left your book at the campus, collect it when possible."
spam,Hot singles near you are waiting. Visit tinyurl.com/rewardfast now.
spam,Act now! Last 2 hours to claim your jackpot prize at reward-center.net.
spam,Act now! Last 2 hours to claim your jackpot prize at bit.ly/claim-now. Offer valid today only.
spam,Exclusive deal! Buy 1 get 3 free only today. Tap bit.ly/claim-now. Offer valid today only.
spam,"Final notice! Claim your uncollected reward of Rs 75,000 by texting CLAIM to 80808. Offer valid today only."
spam,"WINNER! You have been selected to receive Rs 75,000 cash prize. Text WIN to 54545 now. Offer valid today only."
ham,Please pick up milk and bread on your way back. Please confirm.
ham,Can we reschedule to Wednesday 9:30 am?
ham,Dinner plan tonight at 8:00 am?
ham,The class starts at 11:00 am; do not be late. Please confirm.
spam,"BSNL promo: You won Rs 75,000 recharge coupon. Redeem at reward-center.net."
ham,Dinner plan tonight at 8:00 am?
spam,Your account is suspended. Verify details at reward-center.net immediately. Offer valid today only.
ham,Meeting moved to conference room at 11:00 am. Please confirm.
spam,"Dear user, your KYC failed. Update immediately on reward-center.net. Offer valid today only."
spam,Limited offer: get loan approved instantly. Click bit.ly/claim-now to apply.
spam,Limited offer: get loan approved instantly. Click claim-bonus-now.com to apply. Offer valid today only.
spam,Hot singles near you are waiting. Visit tinyurl.com/rewardfast now.
ham,Can you send me the notes for presentation before Friday?
ham,Thanks for your help with the lab work work.
ham,Your appointment is confirmed for Monday at 9:30 am.
spam,Act now! Last 2 hours to claim your jackpot prize at claim-bonus-now.com.
spam,"Dear user, your KYC failed. Update immediately on reward-center.net."
spam,Hot singles near you are waiting. Visit tinyurl.com/rewardfast now.
ham,Can we reschedule to Monday 11:00 am?
ham,Please pick up milk and bread on your way back.
spam,Act now! Last 2 hours to claim your jackpot prize at claim-bonus-now.com. Offer valid today only.
ham,Please pick up milk and bread on your way back.
ham,Thanks for your help with the assignment work.
ham,Can you send me the notes for assignment before Tuesday?
ham,The class starts at 9:30 am; do not be late. Please confirm.
ham,Mom asked if you can come home early today.
spam,Limited offer: get loan approved instantly. Click tinyurl.com/rewardfast to apply.
ham,I reached home safely. Call me when you are free.
spam,Your account is suspended. Verify details at tinyurl.com/rewardfast immediately. Offer valid today only.
spam,Congratulations! You are chosen for a free vacation. Call now on 12121.
ham,Dinner plan tonight at 5:00 pm?
spam,Act now! Last 2 hours to claim your jackpot prize at claim-bonus-now.com. Offer valid today only.
ham,Dinner plan tonight at 5:00 pm? Please confirm.
spam,Congratulations! You are chosen for a free vacation. Call now on 90909.
ham,"I left your book at the canteen, collect it when possible. Please confirm."
spam,Free entry in weekly contest to win phone. Send YES to 90909 today. Offer valid today only.
ham,Meeting moved to conference room at 8:00 am.
ham,"I left your book at the office gate, collect it when possible."
spam,"BSNL promo: You won Rs 75,000 recharge coupon. Redeem at reward-center.net."
ham,"Hey John, are we still meeting at 5:00 pm near the mall? Please confirm."
ham,Dinner plan tonight at 7:15 pm? Please confirm.
spam,"WINNER! You have been selected to receive Rs 1,00,000 cash prize. Text WIN to 80808 now."
ham,The class starts at 6:30 pm; do not be late.
ham,Please pick up milk and bread on your way back.
spam,Hot singles near you are waiting. Visit bit.ly/claim-now now. Offer valid today only.
ham,Thanks for your help with the lab work work.
spam,Selected customer alert: get premium membership free. Confirm at claim-bonus-now.com. Offer valid today only.
spam,"Vi promo: You won Rs 1,00,000 recharge coupon. Redeem at claim-bonus-now.com."
ham,"I will be late by 10 minutes, traffic is heavy."
ham,Dinner plan tonight at 8:00 am? Please confirm.
spam,Limited offer: get loan approved instantly. Click claim-bonus-now.com to apply.
ham,The class starts at 8:00 am; do not be late.
ham,Please pick up milk and bread on your way back.
ham,Meeting moved to conference room at 6:30 pm.
spam,URGENT! Your mobile number won a lucky draw for headphones. Reply CLAIM to 87121. Offer valid today only.
spam,"WINNER! You have been selected to receive Rs 25,000 cash prize. Text WIN to 56060 now. Offer valid today only."
spam,Selected customer alert: get premium membership free. Confirm at bit.ly/claim-now. Offer valid today only.
spam,Free entry in weekly contest to win headphones. Send YES to 90909 today.
spam,"Dear user, your KYC failed. Update immediately on tinyurl.com/rewardfast. Offer valid today only."
ham,"I left your book at the station, collect it when possible."
ham,Meeting moved to conference room at 11:00 am. Please confirm.
ham,Meeting moved to conference room at 7:15 pm. Please confirm.
spam,Exclusive deal! Buy 1 get 3 free only today. Tap bit.ly/claim-now.
ham,Dinner plan tonight at 7:15 pm? Please confirm.
ham,Please transfer Rs 400 to my UPI when you can.
spam,Hot singles near you are waiting. Visit bit.ly/claim-now now.
ham,Mom asked if you can come home early today.
ham,Can we reschedule to Friday 7:15 pm? Please confirm.
spam,Free entry in weekly contest to win laptop. Send YES to 90909 today. Offer valid today only.
spam,"Dear user, your KYC failed. Update immediately on reward-center.net."
spam,URGENT! Your mobile number won a lucky draw for bike. Reply CLAIM to 56060. Offer valid today only.
spam,"Vi promo: You won Rs 75,000 recharge coupon. Redeem at tinyurl.com/rewardfast."
ham,"Hey Arjun, are we still meeting at 11:00 am near the office gate? Please confirm."
ham,"I left your book at the main road, collect it when possible."
ham,Mom asked if you can come home early today.
ham,"I will be late by 10 minutes, traffic is heavy."
spam,"Final notice! Claim your uncollected reward of Rs 50,000 by texting CLAIM to 90909."
ham,Thanks for your help with the lab work work. Please confirm.
ham,Dinner plan tonight at 8:00 am?
ham,"I will be late by 10 minutes, traffic is heavy."
spam,Free entry in weekly contest to win laptop. Send YES to 12121 today.
ham,Can we reschedule to Tuesday 7:15 pm?
ham,Can we reschedule to Saturday 6:30 pm?
ham,Meeting moved to conference room at 6:30 pm. Please confirm.
ham,Can we reschedule to Friday 11:00 am?
spam,Free entry in weekly contest to win voucher. Send YES to 56060 today. Offer valid today only.
ham,Mom asked if you can come home early today.
ham,Thanks for your help with the report work. Please confirm.
spam,"You have won a gift card worth Rs 75,000. Reply GIFT to 80808."
spam,"Final notice! Claim your uncollected reward of Rs 10,000 by texting CLAIM to 12121."
ham,Thanks for your help with the presentation work.
spam,Congratulations! You are chosen for a free vacation. Call now on 12121. Offer valid today only.
ham,Thanks for your help with the physics work.
ham,The class starts at 6:30 pm; do not be late.
ham,Dinner plan tonight at 7:15 pm? Please confirm.
spam,URGENT! Your mobile number won a lucky draw for smart watch. Reply CLAIM to 56060.
spam,"Dear user, your KYC failed. Update immediately on claim-bonus-now.com. Offer valid today only."
spam,"Vi promo: You won Rs 75,000 recharge coupon. Redeem at bit.ly/claim-now. Offer valid today only."
ham,The class starts at 9:30 am; do not be late. Please confirm.
ham,"I will be late by 10 minutes, traffic is heavy."
spam,Limited offer: get loan approved instantly. Click claim-bonus-now.com to apply.
spam,"WINNER! You have been selected to receive Rs 25,000 cash prize. Text WIN to 87121 now."
spam,"Final notice! Claim your uncollected reward of Rs 1,00,000 by texting CLAIM to 87121."
ham,Can we reschedule to Friday 8:00 am?
spam,"Dear user, your KYC failed. Update immediately on claim-bonus-now.com."
spam,"Dear user, your KYC failed. Update immediately on tinyurl.com/rewardfast. Offer valid today only."
spam,"WINNER! You have been selected to receive Rs 1,00,000 cash prize. Text WIN to 56060 now. Offer valid today only."
ham,"Hey Vikram, are we still meeting at 7:15 pm near the canteen?"
spam,"WINNER! You have been selected to receive Rs 50,000 cash prize. Text WIN to 54545 now."
ham,I reached home safely. Call me when you are free.
spam,Hot singles near you are waiting. Visit bit.ly/claim-now now. Offer valid today only.
spam,Exclusive deal! Buy 1 get 3 free only today. Tap reward-center.net.
ham,I reached home safely. Call me when you are free.
ham,"I left your book at the office gate, collect it when possible."
spam,Limited offer: get loan approved instantly. Click claim-bonus-now.com to apply. Offer valid today only.
spam,URGENT! Your mobile number won a lucky draw for laptop. Reply CLAIM to 90909. Offer valid today only.
spam,"Dear user, your KYC failed. Update immediately on claim-bonus-now.com."
ham,Can you send me the notes for report before Monday?
ham,Can we reschedule to Saturday 6:30 pm? Please confirm.
spam,URGENT! Your mobile number won a lucky draw for headphones. Reply CLAIM to 90909.
ham,I reached home safely. Call me when you are free. Please confirm.
spam,Selected customer alert: get premium membership free. Confirm at tinyurl.com/rewardfast. Offer valid today only.
ham,Please transfer Rs 1200 to my UPI when you can.
spam,URGENT! Your mobile number won a lucky draw for smart watch. Reply CLAIM to 12121. Offer valid today only.
ham,Your appointment is confirmed for Tuesday at 11:00 am.
spam,Your account is suspended. Verify details at reward-center.net immediately. Offer valid today only.
ham,Meeting moved to conference room at 11:00 am.
ham,Can we reschedule to Friday 5:00 pm?
ham,Please transfer Rs 900 to my UPI when you can.
spam,"Dear user, your KYC failed. Update immediately on tinyurl.com/rewardfast."
spam,Act now! Last 2 hours to claim your jackpot prize at reward-center.net.
spam,"Jio promo: You won Rs 50,000 recharge coupon. Redeem at claim-bonus-now.com."
spam,"You have won a gift card worth Rs 25,000. Reply GIFT to 56060. Offer valid today only."
spam,Act now! Last 2 hours to claim your jackpot prize at claim-bonus-now.com.
ham,Please pick up milk and bread on your way back.
ham,Mom asked if you can come home early today. Please confirm.
ham,I reached home safely. Call me when you are free. Please confirm.
spam,"Dear user, your KYC failed. Update immediately on claim-bonus-now.com."
ham,"I left your book at the library, collect it when possible. Please confirm."
ham,"I left your book at the station, collect it when possible. Please confirm."
spam,"BSNL promo: You won Rs 25,000 recharge coupon. Redeem at tinyurl.com/rewardfast."
spam,"WINNER! You have been selected to receive Rs 1,00,000 cash prize. Text WIN to 80808 now. Offer valid today only."
ham,Thanks for your help with the chemistry work.
spam,Free entry in weekly contest to win laptop. Send YES to 87121 today.
spam,"Final notice! Claim your uncollected reward of Rs 75,000 by texting CLAIM to 87121. Offer valid today only."
spam,Congratulations! You are chosen for a free vacation. Call now on 56060.
ham,Can you send me the notes for project before Tuesday? Please confirm.
spam,"WINNER! You have been selected to receive Rs 1,00,000 cash prize. Text WIN to 12121 now. Offer valid today only."
spam,Selected customer alert: get premium membership free. Confirm at tinyurl.com/rewardfast. Offer valid today only.
spam,Congratulations! You are chosen for a free vacation. Call now on 90909.
ham,Thanks for your help with the physics work.
ham,Can you send me the notes for report before Tuesday?
ham,Can we reschedule to Saturday 9:30 am? Please confirm.
spam,Act now! Last 2 hours to claim your jackpot prize at bit.ly/claim-now.
ham,Let us have lunch at the mall tomorrow.
ham,Thanks for your help with the chemistry work.
spam,Exclusive deal! Buy 1 get 3 free only today. Tap tinyurl.com/rewardfast. Offer valid today only.
ham,Can we reschedule to Tuesday 6:30 pm? Please confirm.
ham,The class starts at 8:00 am; do not be late.
spam,Hot singles near you are waiting. Visit bit.ly/claim-now now. Offer valid today only.
ham,Your appointment is confirmed for Thursday at 6:30 pm. Please confirm.
spam,Your account is suspended. Verify details at tinyurl.com/rewardfast immediately. Offer valid today only.
ham,Dinner plan tonight at 7:15 pm?
ham,Your appointment is confirmed for Wednesday at 9:30 am. Please confirm.
spam,Limited offer: get loan approved instantly. Click bit.ly/claim-now to apply.
ham,"I left your book at the library, collect it when possible."
ham,Can we reschedule to Friday 9:30 am?
ham,Can you send me the notes for project before Friday?
ham,I reached home safely. Call me when you are free.
ham,Please pick up milk and bread on your way back.
ham,Dinner plan tonight at 9:30 am?
spam,URGENT! Your mobile number won a lucky draw for laptop. Reply CLAIM to 54545. Offer valid today only.
ham,I reached home safely. Call me when you are free. Please confirm.
ham,Dinner plan tonight at 5:00 pm?
spam,Act now! Last 2 hours to claim your jackpot prize at reward-center.net. Offer valid today only.
ham,Let us have lunch at the station tomorrow. Please confirm.
ham,Please transfer Rs 250 to my UPI when you can. Please confirm.
spam,Your account is suspended. Verify details at tinyurl.com/rewardfast immediately.
spam,Act now! Last 2 hours to claim your jackpot prize at reward-center.net.
spam,URGENT! Your mobile number won a lucky draw for headphones. Reply CLAIM to 90909.
spam,"Vi promo: You won Rs 25,000 recharge coupon. Redeem at bit.ly/claim-now."
ham,Can we reschedule to Thursday 9:30 am?
spam,Exclusive deal! Buy 1 get 3 free only today. Tap bit.ly/claim-now.
spam,Hot singles near you are waiting. Visit claim-bonus-now.com now.
spam,"WINNER! You have been selected to receive Rs 25,000 cash prize. Text WIN to 80808 now."
ham,Meeting moved to conference room at 5:00 pm.
spam,Exclusive deal! Buy 1 get 3 free only today. Tap claim-bonus-now.com. Offer valid today only.
spam,Your account is suspended. Verify details at claim-bonus-now.com immediately. Offer valid today only.
spam,Free entry in weekly contest to win bike. Send YES to 87121 today. Offer valid today only.
spam,Earn Rs 5000 daily from home. Register at bit.ly/claim-now. Offer valid today only.
ham,Dinner plan tonight at 5:00 pm? Please confirm.
ham,I reached home safely. Call me when you are free. Please confirm.
ham,"Hey Vikram, are we still meeting at 8:00 am near the library? Please confirm."
ham,Thanks for your help with the lab work work. Please confirm.
ham,"I left your book at the main road, collect it when possible."
spam,URGENT! Your mobile number won a lucky draw for voucher. Reply CLAIM to 90909.
ham,Can we reschedule to Monday 8:00 am?
spam,Congratulations! You are chosen for a free vacation. Call now on 56060. Offer valid today only.
spam,"Vi promo: You won Rs 10,000 recharge coupon. Redeem at bit.ly/claim-now."
ham,Please transfer Rs 900 to my UPI when you can. Please confirm.
spam,"You have won a gift card worth Rs 10,000. Reply GIFT to 12121."
spam,"Dear user, your KYC failed. Update immediately on claim-bonus-now.com. Offer valid today only."
spam,"You have won a gift card worth Rs 25,000. Reply GIFT to 56060."
ham,Let us have lunch at the park tomorrow. Please confirm.
spam,"You have won a gift card worth Rs 10,000. Reply GIFT to 56060."
spam,Limited offer: get loan approved instantly. Click reward-center.net to apply.
ham,Mom asked if you can come home early today.
spam,"WINNER! You have been selected to receive Rs 10,000 cash prize. Text WIN to 12121 now."
spam,Act now! Last 2 hours to claim your jackpot prize at bit.ly/claim-now.
spam,"You have won a gift card worth Rs 1,00,000. Reply GIFT to 12121."
ham,Dinner plan tonight at 7:15 pm? Please confirm.
ham,Can we reschedule to Monday 6:30 pm? Please confirm.
ham,Meeting moved to conference room at 9:30 am.
spam,Exclusive deal! Buy 1 get 3 free only today. Tap claim-bonus-now.com. Offer valid today only.
ham,"I will be late by 10 minutes, traffic is heavy. Please confirm."
ham,Can we reschedule to Friday 6:30 pm?
spam,Free entry in weekly contest to win voucher. Send YES to 87121 today. Offer valid today only.
spam,Hot singles near you are waiting. Visit claim-bonus-now.com now.
ham,Can you send me the notes for assignment before Saturday?
ham,I reached home safely. Call me when you are free.
spam,Exclusive deal! Buy 1 get 3 free only today. Tap bit.ly/claim-now.
ham,Your appointment is confirmed for Wednesday at 6:30 pm. Please confirm.
ham,"Hey Riya, are we still meeting at 6:30 pm near the canteen? Please confirm."
spam,"BSNL promo: You won Rs 25,000 recharge coupon. Redeem at bit.ly/claim-now. Offer valid today only."
spam,Hot singles near you are waiting. Visit reward-center.net now. Offer valid today only.
ham,"I will be late by 10 minutes, traffic is heavy. Please confirm."
ham,Let us have lunch at the park tomorrow.
spam,Your account is suspended. Verify details at reward-center.net immediately.
ham,Thanks for your help with the report work. Please confirm.
spam,"BSNL promo: You won Rs 25,000 recharge coupon. Redeem at bit.ly/claim-now."
ham,Mom asked if you can come home early today.
spam,"Vi promo: You won Rs 1,00,000 recharge coupon. Redeem at reward-center.net. Offer valid today only."
ham,The class starts at 6:30 pm; do not be late. Please confirm.
ham,Please transfer Rs 400 to my UPI when you can.
spam,"WINNER! You have been selected to receive Rs 10,000 cash prize. Text WIN to 87121 now."
spam,Your account is suspended. Verify details at tinyurl.com/rewardfast immediately.
ham,Thanks for your help with the lab work work.
spam,Exclusive deal! Buy 1 get 3 free only today. Tap claim-bonus-now.com. Offer valid today only.
ham,"I will be late by 10 minutes, traffic is heavy."
spam,"Jio promo: You won Rs 50,000 recharge coupon. Redeem at reward-center.net. Offer valid today only."
spam,"Dear user, your KYC failed. Update immediately on claim-bonus-now.com. Offer valid today only."
spam,URGENT! Your mobile number won a lucky draw for laptop. Reply CLAIM to 56060.
spam,Exclusive deal! Buy 1 get 3 free only today. Tap reward-center.net.
ham,Let us have lunch at the office gate tomorrow.
spam,Hot singles near you are waiting. Visit tinyurl.com/rewardfast now.
ham,Can you send me the notes for chemistry before Monday? Please confirm.
spam,"Dear user, your KYC failed. Update immediately on bit.ly/claim-now. Offer valid today only."
ham,"I will be late by 10 minutes, traffic is heavy."
spam,Selected customer alert: get premium membership free. Confirm at tinyurl.com/rewardfast.
spam,"Dear user, your KYC failed. Update immediately on reward-center.net. Offer valid today only."
ham,"I will be late by 10 minutes, traffic is heavy. Please confirm."
ham,I reached home safely. Call me when you are free.
ham,Thanks for your help with the chemistry work.
ham,Please transfer Rs 400 to my UPI when you can.
spam,"You have won a gift card worth Rs 25,000. Reply GIFT to 90909."
ham,"I left your book at the mall, collect it when possible."
spam,Earn Rs 5000 daily from home. Register at tinyurl.com/rewardfast.
spam,Free entry in weekly contest to win headphones. Send YES to 12121 today.
spam,Congratulations! You are chosen for a free vacation. Call now on 12121.
spam,Free entry in weekly contest to win smart watch. Send YES to 80808 today.
ham,Thanks for your help with the project work. Please confirm.
spam,Free entry in weekly contest to win laptop. Send YES to 56060 today.
spam,Free entry in weekly contest to win smart watch. Send YES to 80808 today.
spam,Congratulations! You are chosen for a free vacation. Call now on 56060.
ham,Dinner plan tonight at 9:30 am? Please confirm.
ham,Your appointment is confirmed for Monday at 8:00 am.
spam,Free entry in weekly contest to win bike. Send YES to 54545 today.
spam,Act now! Last 2 hours to claim your jackpot prize at claim-bonus-now.com. Offer valid today only.
ham,"Hey Arjun, are we still meeting at 7:15 pm near the main road? Please confirm."
spam,Free entry in weekly contest to win bike. Send YES to 56060 today.
spam,Free entry in weekly contest to win bike. Send YES to 80808 today.
spam,Exclusive deal! Buy 1 get 3 free only today. Tap bit.ly/claim-now. Offer valid today only.
spam,"Dear user, your KYC failed. Update immediately on bit.ly/claim-now."
ham,Dinner plan tonight at 11:00 am? Please confirm.
spam,Exclusive deal! Buy 1 get 3 free only today. Tap bit.ly/claim-now.
spam,"You have won a gift card worth Rs 25,000. Reply GIFT to 87121."
spam,Earn Rs 5000 daily from home. Register at bit.ly/claim-now. Offer valid today only.
ham,Can you send me the notes for chemistry before Wednesday? Please confirm.
spam,Free entry in weekly contest to win phone. Send YES to 87121 today.
ham,"I will be late by 10 minutes, traffic is heavy."
ham,"I will be late by 10 minutes, traffic is heavy. Please confirm."
spam,Congratulations! You are chosen for a free vacation. Call now on 56060.
ham,The class starts at 6:30 pm; do not be late.
ham,I reached home safely. Call me when you are free. Please confirm.
ham,I reached home safely. Call me when you are free. Please confirm.
ham,Please transfer Rs 400 to my UPI when you can.
ham,Dinner plan tonight at 5:00 pm?
spam,Limited offer: get loan approved instantly. Click claim-bonus-now.com to apply. Offer valid today only.
spam,Exclusive deal! Buy 1 get 3 free only today. Tap tinyurl.com/rewardfast. Offer valid today only.
spam,Limited offer: get loan approved instantly. Click tinyurl.com/rewardfast to apply.
ham,"I left your book at the campus, collect it when possible."
spam,"Dear user, your KYC failed. Update immediately on tinyurl.com/rewardfast."
spam,Hot singles near you are waiting. Visit bit.ly/claim-now now.
spam,Hot singles near you are waiting. Visit reward-center.net now. Offer valid today only.
spam,"BSNL promo: You won Rs 25,000 recharge coupon. Redeem at bit.ly/claim-now."
ham,"I left your book at the park, collect it when possible. Please confirm."
spam,"WINNER! You have been selected to receive Rs 25,000 cash prize. Text WIN to 12121 now."
ham,"I will be late by 10 minutes, traffic is heavy. Please confirm."
spam,Limited offer: get loan approved instantly. Click reward-center.net to apply.
spam,Congratulations! You are chosen for a free vacation. Call now on 54545.
ham,Can we reschedule to Friday 9:30 am?
spam,Earn Rs 5000 daily from home. Register at reward-center.net.
spam,Hot singles near you are waiting. Visit claim-bonus-now.com now.
spam,Earn Rs 5000 daily from home. Register at reward-center.net.
ham,"I will be late by 10 minutes, traffic is heavy."
ham,Let us have lunch at the bus stop tomorrow.
spam,Limited offer: get loan approved instantly. Click tinyurl.com/rewardfast to apply. Offer valid today only.
ham,Dinner plan tonight at 5:00 pm?
ham,Thanks for your help with the math work. Please confirm.
spam,"Final notice! Claim your uncollected reward of Rs 75,000 by texting CLAIM to 90909."
ham,The class starts at 11:00 am; do not be late.
spam,"Final notice! Claim your uncollected reward of Rs 1,00,000 by texting CLAIM to 56060. Offer valid today only."
ham,Mom asked if you can come home early today.
ham,The class starts at 11:00 am; do not be late.
ham,Can we reschedule to Tuesday 5:00 pm?
ham,Thanks for your help with the assignment work.
spam,URGENT! Your mobile number won a lucky draw for smart watch. Reply CLAIM to 54545.
spam,Act now! Last 2 hours to claim your jackpot prize at bit.ly/claim-now. Offer valid today only.
spam,Free entry in weekly contest to win voucher. Send YES to 80808 today.
spam,"You have won a gift card worth Rs 75,000. Reply GIFT to 56060."
spam,"WINNER! You have been selected to receive Rs 1,00,000 cash prize. Text WIN to 54545 now. Offer valid today only."
spam,Act now! Last 2 hours to claim your jackpot prize at tinyurl.com/rewardfast.
spam,Limited offer: get loan approved instantly. Click bit.ly/claim-now to apply. Offer valid today only.
spam,URGENT! Your mobile number won a lucky draw for smart watch. Reply CLAIM to 87121.
spam,"Dear user, your KYC failed. Update immediately on bit.ly/claim-now."
spam,"Final notice! Claim your uncollected reward of Rs 25,000 by texting CLAIM to 12121. Offer valid today only."
ham,Please transfer Rs 250 to my UPI when you can.
ham,Thanks for your help with the chemistry work.
ham,I reached home safely. Call me when you are free. Please confirm.
spam,"Jio promo: You won Rs 25,000 recharge coupon. Redeem at tinyurl.com/rewardfast."
ham,Mom asked if you can come home early today.
spam,Hot singles near you are waiting. Visit bit.ly/claim-now now. Offer valid today only.
ham,Mom asked if you can come home early today.
ham,Mom asked if you can come home early today.
ham,Let us have lunch at the park tomorrow.
spam,URGENT! Your mobile number won a lucky draw for bike. Reply CLAIM to 12121.
ham,Can you send me the notes for presentation before Tuesday?
ham,"I left your book at the campus, collect it when possible."
ham,Thanks for your help with the project work. Please confirm.
spam,"Dear user, your KYC failed. Update immediately on claim-bonus-now.com. Offer valid today only."
ham,Can you send me the notes for lab work before Monday? Please confirm.
ham,Can you send me the notes for lab work before Saturday?
spam,Selected customer alert: get premium membership free. Confirm at tinyurl.com/rewardfast.
ham,Your appointment is confirmed for Wednesday at 11:00 am.
ham,"Hey Vikram, are we still meeting at 7:15 pm near the main road?"
spam,Your account is suspended. Verify details at reward-center.net immediately. Offer valid today only.
spam,Free entry in weekly contest to win bike. Send YES to 80808 today.
spam,Limited offer: get loan approved instantly. Click claim-bonus-now.com to apply.
ham,"I left your book at the canteen, collect it when possible."
ham,"Hey Neha, are we still meeting at 9:30 am near the bus stop? Please confirm."
ham,Your appointment is confirmed for Monday at 6:30 pm.
spam,"You have won a gift card worth Rs 1,00,000. Reply GIFT to 80808."
ham,Let us have lunch at the mall tomorrow.
spam,Hot singles near you are waiting. Visit claim-bonus-now.com now.
ham,The class starts at 9:30 am; do not be late.
spam,"WINNER! You have been selected to receive Rs 1,00,000 cash prize. Text WIN to 87121 now. Offer valid today only."
spam,"Final notice! Claim your uncollected reward of Rs 50,000 by texting CLAIM to 90909. Offer valid today only."
ham,Mom asked if you can come home early today. Please confirm.
spam,Act now! Last 2 hours to claim your jackpot prize at reward-center.net.
spam,Your account is suspended. Verify details at tinyurl.com/rewardfast immediately. Offer valid today only.
spam,Hot singles near you are waiting. Visit tinyurl.com/rewardfast now.
ham,Dinner plan tonight at 6:30 pm? Please confirm.
spam,Limited offer: get loan approved instantly. Click bit.ly/claim-now to apply.
ham,Can we reschedule to Tuesday 11:00 am?
ham,I reached home safely. Call me when you are free. Please confirm.
ham,"I left your book at the station, collect it when possible."
ham,Dinner plan tonight at 6:30 pm? Please confirm.
spam,Limited offer: get loan approved instantly. Click claim-bonus-now.com to apply. Offer valid today only.
ham,Your appointment is confirmed for Wednesday at 7:15 pm.
spam,URGENT! Your mobile number won a lucky draw for bike. Reply CLAIM to 12121. Offer valid today only.
ham,Can you send me the notes for math before Thursday?
spam,"WINNER! You have been selected to receive Rs 25,000 cash prize. Text WIN to 80808 now. Offer valid today only."
ham,Please pick up milk and bread on your way back.
spam,Selected customer alert: get premium membership free. Confirm at reward-center.net.
spam,Your account is suspended. Verify details at reward-center.net immediately. Offer valid today only.
ham,Please transfer Rs 650 to my UPI when you can.
ham,"Hey Karan, are we still meeting at 8:00 am near the canteen? Please confirm."
spam,"You have won a gift card worth Rs 75,000. Reply GIFT to 90909."
spam,Your account is suspended. Verify details at tinyurl.com/rewardfast immediately. Offer valid today only.
ham,"Hey Arjun, are we still meeting at 9:30 am near the bus stop?"
spam,Your account is suspended. Verify details at claim-bonus-now.com immediately. Offer valid today only.
spam,Exclusive deal! Buy 1 get 3 free only today. Tap claim-bonus-now.com.
ham,Please transfer Rs 900 to my UPI when you can.
spam,Act now! Last 2 hours to claim your jackpot prize at bit.ly/claim-now.
spam,"Final notice! Claim your uncollected reward of Rs 25,000 by texting CLAIM to 87121."
spam,"Final notice! Claim your uncollected reward of Rs 10,000 by texting CLAIM to 54545."
spam,"Dear user, your KYC failed. Update immediately on reward-center.net. Offer valid today only."
spam,Act now! Last 2 hours to claim your jackpot prize at reward-center.net.
spam,Limited offer: get loan approved instantly. Click claim-bonus-now.com to apply.
spam,"Final notice! Claim your uncollected reward of Rs 1,00,000 by texting CLAIM to 87121."
ham,I reached home safely. Call me when you are free.
spam,Your account is suspended. Verify details at claim-bonus-now.com immediately. Offer valid today only.
ham,Can we reschedule to Saturday 7:15 pm?
ham,Please transfer Rs 1200 to my UPI when you can.
ham,Your appointment is confirmed for Thursday at 11:00 am.
ham,Can you send me the notes for lab work before Saturday?
ham,Dinner plan tonight at 7:15 pm? Please confirm.
ham,Can we reschedule to Tuesday 5:00 pm?
ham,Please pick up milk and bread on your way back. Please confirm.
ham,Meeting moved to conference room at 7:15 pm. Please confirm.
spam,Hot singles near you are waiting. Visit bit.ly/claim-now now. Offer valid today only.
ham,Please transfer Rs 1200 to my UPI when you can.
spam,"Final notice! Claim your uncollected reward of Rs 25,000 by texting CLAIM to 90909."
spam,Limited offer: get loan approved instantly. Click tinyurl.com/rewardfast to apply. Offer valid today only.
spam,"Final notice! Claim your uncollected reward of Rs 50,000 by texting CLAIM to 90909."
ham,Your appointment is confirmed for Thursday at 6:30 pm.
ham,The class starts at 8:00 am; do not be late. Please confirm.
spam,Free entry in weekly contest to win laptop. Send YES to 87121 today. Offer valid today only.
ham,Mom asked if you can come home early today.
ham,Can we reschedule to Saturday 6:30 pm?
ham,Meeting moved to conference room at 5:00 pm. Please confirm.
ham,Can we reschedule to Friday 9:30 am? Please confirm.
ham,"I will be late by 10 minutes, traffic is heavy."
spam,Limited offer: get loan approved instantly. Click tinyurl.com/rewardfast to apply. Offer valid today only.
ham,Let us have lunch at the canteen tomorrow. Please confirm.
ham,"I left your book at the canteen, collect it when possible. Please confirm."
ham,"I left your book at the bus stop, collect it when possible."
ham,Can you send me the notes for lab work before Friday?
ham,Let us have lunch at the park tomorrow.
ham,Please transfer Rs 650 to my UPI when you can.
spam,"Final notice! Claim your uncollected reward of Rs 10,000 by texting CLAIM to 54545. Offer valid today only."
ham,Meeting moved to conference room at 7:15 pm. Please confirm.
spam,Earn Rs 5000 daily from home. Register at tinyurl.com/rewardfast.
ham,Meeting moved to conference room at 7:15 pm. Please confirm.
spam,URGENT! Your mobile number won a lucky draw for phone. Reply CLAIM to 87121. Offer valid today only.
ham,Thanks for your help with the math work.
ham,Mom asked if you can come home early today. Please confirm.
spam,Act now! Last 2 hours to claim your jackpot prize at tinyurl.com/rewardfast.
ham,Thanks for your help with the presentation work.
spam,Your account is suspended. Verify details at reward-center.net immediately.
ham,Please transfer Rs 900 to my UPI when you can.
ham,"I left your book at the mall, collect it when possible. Please confirm."
ham,Your appointment is confirmed for Thursday at 6:30 pm.
spam,Free entry in weekly contest to win phone. Send YES to 56060 today. Offer valid today only.
ham,Dinner plan tonight at 6:30 pm?
spam,Hot singles near you are waiting. Visit tinyurl.com/rewardfast now.
spam,Exclusive deal! Buy 1 get 3 free only today. Tap tinyurl.com/rewardfast. Offer valid today only.
spam,Hot singles near you are waiting. Visit reward-center.net now. Offer valid today only.
ham,Thanks for your help with the assignment work. Please confirm.
ham,Thanks for your help with the lab work work. Please confirm.
ham,"Hey Neha, are we still meeting at 8:00 am near the park?"
ham,Can we reschedule to Tuesday 6:30 pm?
spam,"Dear user, your KYC failed. Update immediately on claim-bonus-now.com."
spam,Your account is suspended. Verify details at claim-bonus-now.com immediately. Offer valid today only.
spam,"Dear user, your KYC failed. Update immediately on reward-center.net."
ham,Thanks for your help with the physics work.
spam,"Jio promo: You won Rs 75,000 recharge coupon. Redeem at tinyurl.com/rewardfast."
ham,Can we reschedule to Friday 7:15 pm? Please confirm.
ham,Can we reschedule to Thursday 8:00 am? Please confirm.
ham,"I will be late by 10 minutes, traffic is heavy."
ham,Mom asked if you can come home early today. Please confirm.
spam,Your account is suspended. Verify details at tinyurl.com/rewardfast immediately.
spam,Your account is suspended. Verify details at reward-center.net immediately.
ham,Please transfer Rs 900 to my UPI when you can.
ham,Meeting moved to conference room at 7:15 pm. Please confirm.
ham,Can we reschedule to Wednesday 6:30 pm? Please confirm.
ham,I reached home safely. Call me when you are free.
spam,Congratulations! You are chosen for a free vacation. Call now on 87121.
ham,Please transfer Rs 400 to my UPI when you can.
spam,"You have won a gift card worth Rs 1,00,000. Reply GIFT to 12121."
ham,Mom asked if you can come home early today.
spam,"Dear user, your KYC failed. Update immediately on claim-bonus-now.com. Offer valid today only."
ham,Dinner plan tonight at 11:00 am? Please confirm.
spam,Free entry in weekly contest to win phone. Send YES to 87121 today. Offer valid today only.
spam,Exclusive deal! Buy 1 get 3 free only today. Tap claim-bonus-now.com. Offer valid today only.
spam,Congratulations! You are chosen for a free vacation. Call now on 12121.
ham,Meeting moved to conference room at 11:00 am. Please confirm.
spam,Hot singles near you are waiting. Visit bit.ly/claim-now now.
ham,Your appointment is confirmed for Wednesday at 7:15 pm.
ham,"Hey Arjun, are we still meeting at 11:00 am near the bus stop? Please confirm."
spam,Selected customer alert: get premium membership free. Confirm at reward-center.net. Offer valid today only.
spam,"You have won a gift card worth Rs 1,00,000. Reply GIFT to 90909."
spam,Earn Rs 5000 daily from home. Register at claim-bonus-now.com.
ham,Thanks for your help with the physics work.
ham,Please pick up milk and bread on your way back.
ham,Can you send me the notes for physics before Wednesday?
spam,Hot singles near you are waiting. Visit reward-center.net now. Offer valid today only.
ham,Meeting moved to conference room at 11:00 am.
ham,Please transfer Rs 900 to my UPI when you can.
spam,"WINNER! You have been selected to receive Rs 10,000 cash prize. Text WIN to 54545 now. Offer valid today only."
spam,Your account is suspended. Verify details at reward-center.net immediately. Offer valid today only.
ham,I reached home safely. Call me when you are free. Please confirm.
ham,I reached home safely. Call me when you are free.
spam,Act now! Last 2 hours to claim your jackpot prize at bit.ly/claim-now. Offer valid today only.
ham,"I will be late by 10 minutes, traffic is heavy."
spam,"You have won a gift card worth Rs 1,00,000. Reply GIFT to 54545."
spam,"Jio promo: You won Rs 10,000 recharge coupon. Redeem at bit.ly/claim-now."
ham,Please transfer Rs 650 to my UPI when you can. Please confirm.
spam,Exclusive deal! Buy 1 get 3 free only today. Tap claim-bonus-now.com.
spam,Limited offer: get loan approved instantly. Click tinyurl.com/rewardfast to apply.
spam,URGENT! Your mobile number won a lucky draw for voucher. Reply CLAIM to 12121.
spam,Exclusive deal! Buy 1 get 3 free only today. Tap reward-center.net.
spam,"WINNER! You have been selected to receive Rs 25,000 cash prize. Text WIN to 56060 now. Offer valid today only."
ham,Can we reschedule to Tuesday 5:00 pm?
spam,Exclusive deal! Buy 1 get 3 free only today. Tap reward-center.net. Offer valid today only.
spam,"Jio promo: You won Rs 25,000 recharge coupon. Redeem at reward-center.net."
ham,Please pick up milk and bread on your way back.
ham,Please transfer Rs 1200 to my UPI when you can. Please confirm.
ham,"Hey Amit, are we still meeting at 5:00 pm near the office gate?"
spam,Congratulations! You are chosen for a free vacation. Call now on 80808.
ham,Can we reschedule to Monday 9:30 am? Please confirm.
spam,Your account is suspended. Verify details at reward-center.net immediately. Offer valid today only.
ham,Can we reschedule to Saturday 5:00 pm? Please confirm.
spam,"WINNER! You have been selected to receive Rs 25,000 cash prize. Text WIN to 54545 now. Offer valid today only."
ham,Dinner plan tonight at 6:30 pm?
ham,Dinner plan tonight at 9:30 am? Please confirm.
ham,Can you send me the notes for report before Tuesday?
spam,"WINNER! You have been selected to receive Rs 1,00,000 cash prize. Text WIN to 56060 now."
ham,Please transfer Rs 1200 to my UPI when you can.
spam,"Dear user, your KYC failed. Update immediately on tinyurl.com/rewardfast. Offer valid today only."
ham,Meeting moved to conference room at 5:00 pm.
ham,"I left your book at the main road, collect it when possible. Please confirm."
ham,Can we reschedule to Friday 11:00 am? Please confirm.
spam,"Airtel promo: You won Rs 50,000 recharge coupon. Redeem at reward-center.net."
ham,The class starts at 9:30 am; do not be late.
ham,Let us have lunch at the library tomorrow.
ham,"I left your book at the mall, collect it when possible."
ham,"Hey John, are we still meeting at 5:00 pm near the main road?"
ham,"I will be late by 10 minutes, traffic is heavy."
ham,Please pick up milk and bread on your way back. Please confirm.
ham,Please pick up milk and bread on your way back.
ham,Meeting moved to conference room at 5:00 pm.
spam,"Dear user, your KYC failed. Update immediately on tinyurl.com/rewardfast. Offer valid today only."
spam,Free entry in weekly contest to win headphones. Send YES to 56060 today.
ham,Please pick up milk and bread on your way back.
spam,Act now! Last 2 hours to claim your jackpot prize at bit.ly/claim-now.
spam,"Vi promo: You won Rs 25,000 recharge coupon. Redeem at claim-bonus-now.com."
spam,"Final notice! Claim your uncollected reward of Rs 25,000 by texting CLAIM to 90909."
spam,Act now! Last 2 hours to claim your jackpot prize at reward-center.net. Offer valid today only.
spam,Congratulations! You are chosen for a free vacation. Call now on 56060.
ham,Dinner plan tonight at 5:00 pm?
spam,Your account is suspended. Verify details at claim-bonus-now.com immediately. Offer valid today only.
ham,I reached home safely. Call me when you are free. Please confirm.
spam,"You have won a gift card worth Rs 1,00,000. Reply GIFT to 87121."
spam,Exclusive deal! Buy 1 get 3 free only today. Tap tinyurl.com/rewardfast.
ham,"I left your book at the main road, collect it when possible."
ham,"I left your book at the main road, collect it when possible."
ham,Thanks for your help with the presentation work.
ham,Can you send me the notes for report before Saturday?
ham,Please transfer Rs 400 to my UPI when you can.
ham,Can you send me the notes for lab work before Monday?
ham,Your appointment is confirmed for Tuesday at 11:00 am. Please confirm.
spam,Limited offer: get loan approved instantly. Click claim-bonus-now.com to apply.
spam,Selected customer alert: get premium membership free. Confirm at claim-bonus-now.com.
spam,Exclusive deal! Buy 1 get 3 free only today. Tap tinyurl.com/rewardfast.
ham,Your appointment is confirmed for Friday at 11:00 am.
spam,Your account is suspended. Verify details at reward-center.net immediately.
ham,"I left your book at the bus stop, collect it when possible. Please confirm."
ham,Mom asked if you can come home early today. Please confirm.
spam,"WINNER! You have been selected to receive Rs 50,000 cash prize. Text WIN to 12121 now. Offer valid today only."
spam,Earn Rs 5000 daily from home. Register at bit.ly/claim-now.
ham,Thanks for your help with the presentation work.
spam,Free entry in weekly contest to win smart watch. Send YES to 87121 today. Offer valid today only.
spam,"Final notice! Claim your uncollected reward of Rs 1,00,000 by texting CLAIM to 54545."
spam,Limited offer: get loan approved instantly. Click tinyurl.com/rewardfast to apply. Offer valid today only.
ham,Thanks for your help with the physics work.
ham,Meeting moved to conference room at 7:15 pm.
ham,Can we reschedule to Thursday 11:00 am?
ham,"I left your book at the canteen, collect it when possible."
ham,Can you send me the notes for chemistry before Friday? Please confirm.
spam,Hot singles near you are waiting. Visit claim-bonus-now.com now. Offer valid today only.
ham,I reached home safely. Call me when you are free.
ham,Please transfer Rs 250 to my UPI when you can. Please confirm.
spam,Act now! Last 2 hours to claim your jackpot prize at reward-center.net.
spam,"You have won a gift card worth Rs 10,000. Reply GIFT to 80808. Offer valid today only."
ham,Your appointment is confirmed for Saturday at 7:15 pm.
ham,"Hey Maya, are we still meeting at 6:30 pm near the canteen?"
spam,Earn Rs 5000 daily from home. Register at claim-bonus-now.com. Offer valid today only.
ham,I reached home safely. Call me when you are free.
spam,Exclusive deal! Buy 1 get 3 free only today. Tap bit.ly/claim-now. Offer valid today only.
ham,"I will be late by 10 minutes, traffic is heavy."
ham,Please transfer Rs 1200 to my UPI when you can. Please confirm.
ham,Let us have lunch at the park tomorrow.
spam,"Final notice! Claim your uncollected reward of Rs 10,000 by texting CLAIM to 12121."
ham,Let us have lunch at the library tomorrow. Please confirm.
ham,I reached home safely. Call me when you are free.
spam,"You have won a gift card worth Rs 75,000. Reply GIFT to 90909."
spam,Congratulations! You are chosen for a free vacation. Call now on 56060.
spam,Your account is suspended. Verify details at claim-bonus-now.com immediately. Offer valid today only.
ham,I reached home safely. Call me when you are free.
spam,"Dear user, your KYC failed. Update immediately on bit.ly/claim-now. Offer valid today only."
spam,Limited offer: get loan approved instantly. Click bit.ly/claim-now to apply. Offer valid today only.
ham,Meeting moved to conference room at 9:30 am.
spam,"BSNL promo: You won Rs 10,000 recharge coupon. Redeem at bit.ly/claim-now."
ham,The class starts at 5:00 pm; do not be late. Please confirm.
spam,URGENT! Your mobile number won a lucky draw for smart watch. Reply CLAIM to 56060. Offer valid today only.
ham,"I left your book at the office gate, collect it when possible."
ham,"Hey Rahul, are we still meeting at 6:30 pm near the library?"
spam,"Dear user, your KYC failed. Update immediately on bit.ly/claim-now."
spam,"Dear user, your KYC failed. Update immediately on tinyurl.com/rewardfast. Offer valid today only."
ham,Please pick up milk and bread on your way back. Please confirm.
spam,"Final notice! Claim your uncollected reward of Rs 25,000 by texting CLAIM to 90909."
ham,"I left your book at the office gate, collect it when possible."
spam,"Dear user, your KYC failed. Update immediately on bit.ly/claim-now."
spam,Congratulations! You are chosen for a free vacation. Call now on 12121.
ham,Thanks for your help with the chemistry work.
spam,Limited offer: get loan approved instantly. Click reward-center.net to apply.
spam,Exclusive deal! Buy 1 get 3 free only today. Tap tinyurl.com/rewardfast. Offer valid today only.
ham,Mom asked if you can come home early today.
spam,Your account is suspended. Verify details at bit.ly/claim-now immediately.
ham,Meeting moved to conference room at 5:00 pm.
ham,Thanks for your help with the presentation work. Please confirm.
ham,"I will be late by 10 minutes, traffic is heavy."
ham,Can you send me the notes for math before Tuesday? Please confirm.
spam,"Dear user, your KYC failed. Update immediately on bit.ly/claim-now. Offer valid today only."
spam,"Final notice! Claim your uncollected reward of Rs 1,00,000 by texting CLAIM to 90909. Offer valid today only."
ham,"I will be late by 10 minutes, traffic is heavy."
spam,"Jio promo: You won Rs 75,000 recharge coupon. Redeem at tinyurl.com/rewardfast. Offer valid today only."
spam,"Dear user, your KYC failed. Update immediately on bit.ly/claim-now."
spam,URGENT! Your mobile number won a lucky draw for voucher. Reply CLAIM to 80808.
ham,Please pick up milk and bread on your way back.
ham,Meeting moved to conference room at 8:00 am.
ham,Dinner plan tonight at 5:00 pm? Please confirm.
spam,Exclusive deal! Buy 1 get 3 free only today. Tap bit.ly/claim-now.
spam,"BSNL promo: You won Rs 10,000 recharge coupon. Redeem at bit.ly/claim-now. Offer valid today only."
ham,Thanks for your help with the physics work.
spam,Selected customer alert: get premium membership free. Confirm at reward-center.net. Offer valid today only.
spam,Your account is suspended. Verify details at reward-center.net immediately. Offer valid today only.
ham,Mom asked if you can come home early today.
ham,"Hey Amit, are we still meeting at 6:30 pm near the main road? Please confirm."
ham,Meeting moved to conference room at 5:00 pm. Please confirm.
spam,Congratulations! You are chosen for a free vacation. Call now on 12121. Offer valid today only.
spam,URGENT! Your mobile number won a lucky draw for phone. Reply CLAIM to 87121.
ham,Mom asked if you can come home early today.
ham,"Hey Priya, are we still meeting at 5:00 pm near the library?"
spam,Your account is suspended. Verify details at bit.ly/claim-now immediately. Offer valid today only.
spam,Limited offer: get loan approved instantly. Click tinyurl.com/rewardfast to apply.
spam,URGENT! Your mobile number won a lucky draw for voucher. Reply CLAIM to 12121. Offer valid today only.
ham,"Hey Arjun, are we still meeting at 6:30 pm near the library?"
spam,Your account is suspended. Verify details at claim-bonus-now.com immediately.
ham,Your appointment is confirmed for Monday at 11:00 am.
spam,"Airtel promo: You won Rs 75,000 recharge coupon. Redeem at claim-bonus-now.com."
ham,Can you send me the notes for assignment before Wednesday? Please confirm.
ham,Let us have lunch at the library tomorrow. Please confirm.
ham,Your appointment is confirmed for Monday at 11:00 am. Please confirm.
spam,URGENT! Your mobile number won a lucky draw for voucher. Reply CLAIM to 80808. Offer valid today only.
ham,Your appointment is confirmed for Saturday at 6:30 pm.
spam,"WINNER! You have been selected to receive Rs 25,000 cash prize. Text WIN to 87121 now."
spam,Earn Rs 5000 daily from home. Register at bit.ly/claim-now. Offer valid today only.
spam,Earn Rs 5000 daily from home. Register at tinyurl.com/rewardfast.
ham,Please pick up milk and bread on your way back.
ham,Please transfer Rs 250 to my UPI when you can.
spam,Your account is suspended. Verify details at tinyurl.com/rewardfast immediately.
spam,URGENT! Your mobile number won a lucky draw for headphones. Reply CLAIM to 80808.
ham,Can you send me the notes for physics before Saturday? Please confirm.
spam,Exclusive deal! Buy 1 get 3 free only today. Tap tinyurl.com/rewardfast. Offer valid today only.
ham,Mom asked if you can come home early today. Please confirm.
ham,I reached home safely. Call me when you are free.
spam,Limited offer: get loan approved instantly. Click claim-bonus-now.com to apply.
spam,"Dear user, your KYC failed. Update immediately on claim-bonus-now.com."
ham,The class starts at 8:00 am; do not be late. Please confirm.
ham,"I left your book at the station, collect it when possible. Please confirm."
ham,Thanks for your help with the presentation work.
ham,Mom asked if you can come home early today. Please confirm.
spam,Exclusive deal! Buy 1 get 3 free only today. Tap tinyurl.com/rewardfast. Offer valid today only.
spam,"WINNER! You have been selected to receive Rs 25,000 cash prize. Text WIN to 80808 now."
spam,"You have won a gift card worth Rs 25,000. Reply GIFT to 12121."
spam,Congratulations! You are chosen for a free vacation. Call now on 87121.
spam,"Final notice! Claim your uncollected reward of Rs 1,00,000 by texting CLAIM to 54545. Offer valid today only."
ham,Your appointment is confirmed for Tuesday at 5:00 pm. Please confirm.
ham,I reached home safely. Call me when you are free.
spam,Congratulations! You are chosen for a free vacation. Call now on 54545. Offer valid today only.
ham,Thanks for your help with the physics work.
spam,"Airtel promo: You won Rs 50,000 recharge coupon. Redeem at bit.ly/claim-now."
spam,"You have won a gift card worth Rs 50,000. Reply GIFT to 56060."
spam,Earn Rs 5000 daily from home. Register at reward-center.net.
spam,Limited offer: get loan approved instantly. Click bit.ly/claim-now to apply. Offer valid today only.
spam,Hot singles near you are waiting. Visit bit.ly/claim-now now.
spam,Earn Rs 5000 daily from home. Register at claim-bonus-now.com.
spam,Selected customer alert: get premium membership free. Confirm at bit.ly/claim-now. Offer valid today only.
ham,"I left your book at the office gate, collect it when possible. Please confirm."
spam,"Final notice! Claim your uncollected reward of Rs 50,000 by texting CLAIM to 87121."
spam,"WINNER! You have been selected to receive Rs 1,00,000 cash prize. Text WIN to 12121 now. Offer valid today only."
spam,Act now! Last 2 hours to claim your jackpot prize at claim-bonus-now.com.
spam,Your account is suspended. Verify details at claim-bonus-now.com immediately. Offer valid today only.
ham,Please transfer Rs 400 to my UPI when you can.
ham,Please pick up milk and bread on your way back.
spam,Earn Rs 5000 daily from home. Register at tinyurl.com/rewardfast.
spam,Congratulations! You are chosen for a free vacation. Call now on 12121. Offer valid today only.
spam,"Airtel promo: You won Rs 75,000 recharge coupon. Redeem at reward-center.net."
spam,Free entry in weekly contest to win bike. Send YES to 12121 today. Offer valid today only.
spam,"Final notice! Claim your uncollected reward of Rs 75,000 by texting CLAIM to 80808. Offer valid today only."
spam,"Final notice! Claim your uncollected reward of Rs 10,000 by texting CLAIM to 80808."
spam,"Jio promo: You won Rs 50,000 recharge coupon. Redeem at tinyurl.com/rewardfast."
spam,Free entry in weekly contest to win headphones. Send YES to 90909 today. Offer valid today only.
spam,"Dear user, your KYC failed. Update immediately on tinyurl.com/rewardfast."
spam,Act now! Last 2 hours to claim your jackpot prize at tinyurl.com/rewardfast. Offer valid today only.
ham,Meeting moved to conference room at 11:00 am. Please confirm.
spam,Your account is suspended. Verify details at tinyurl.com/rewardfast immediately. Offer valid today only.
ham,Dinner plan tonight at 6:30 pm? Please confirm.
ham,Meeting moved to conference room at 11:00 am. Please confirm.
spam,"Dear user, your KYC failed. Update immediately on claim-bonus-now.com."
ham,I reached home safely. Call me when you are free.
ham,Can we reschedule to Tuesday 5:00 pm?
ham,Thanks for your help with the math work. Please confirm.
spam,Selected customer alert: get premium membership free. Confirm at claim-bonus-now.com. Offer valid today only.
spam,Limited offer: get loan approved instantly. Click bit.ly/claim-now to apply. Offer valid today only.
spam,"Dear user, your KYC failed. Update immediately on bit.ly/claim-now."
ham,"Hey Vikram, are we still meeting at 7:15 pm near the canteen?"
ham,Can we reschedule to Friday 7:15 pm?
spam,Hot singles near you are waiting. Visit tinyurl.com/rewardfast now. Offer valid today only.
spam,Earn Rs 5000 daily from home. Register at tinyurl.com/rewardfast.
spam,URGENT! Your mobile number won a lucky draw for bike. Reply CLAIM to 90909. Offer valid today only.
spam,URGENT! Your mobile number won a lucky draw for smart watch. Reply CLAIM to 12121. Offer valid today only.
ham,Meeting moved to conference room at 7:15 pm.
ham,Meeting moved to conference room at 11:00 am. Please confirm.
ham,Please pick up milk and bread on your way back.
spam,URGENT! Your mobile number won a lucky draw for phone. Reply CLAIM to 87121.
spam,Act now! Last 2 hours to claim your jackpot prize at reward-center.net.
ham,Your appointment is confirmed for Saturday at 7:15 pm. Please confirm.
ham,Thanks for your help with the report work.
spam,Congratulations! You are chosen for a free vacation. Call now on 54545.
spam,Earn Rs 5000 daily from home. Register at claim-bonus-now.com.
ham,I reached home safely. Call me when you are free.
spam,Act now! Last 2 hours to claim your jackpot prize at bit.ly/claim-now.
spam,Selected customer alert: get premium membership free. Confirm at reward-center.net.
spam,Hot singles near you are waiting. Visit tinyurl.com/rewardfast now.
ham,Please pick up milk and bread on your way back.
ham,Let us have lunch at the mall tomorrow. Please confirm.
ham,Your appointment is confirmed for Tuesday at 7:15 pm.
spam,"Jio promo: You won Rs 1,00,000 recharge coupon. Redeem at tinyurl.com/rewardfast. Offer valid today only."
ham,"I will be late by 10 minutes, traffic is heavy."
ham,"I left your book at the main road, collect it when possible. Please confirm."
spam,Exclusive deal! Buy 1 get 3 free only today. Tap tinyurl.com/rewardfast. Offer valid today only.
ham,"Hey Anita, are we still meeting at 5:00 pm near the canteen?"
ham,Dinner plan tonight at 8:00 am?
ham,Let us have lunch at the mall tomorrow.
spam,"Final notice! Claim your uncollected reward of Rs 25,000 by texting CLAIM to 80808."
spam,"WINNER! You have been selected to receive Rs 50,000 cash prize. Text WIN to 80808 now. Offer valid today only."
ham,Can we reschedule to Monday 7:15 pm? Please confirm.
ham,Meeting moved to conference room at 7:15 pm.
spam,Congratulations! You are chosen for a free vacation. Call now on 56060.
spam,"Final notice! Claim your uncollected reward of Rs 1,00,000 by texting CLAIM to 80808. Offer valid today only."
ham,Please transfer Rs 400 to my UPI when you can.
ham,Please transfer Rs 900 to my UPI when you can. Please confirm.
ham,Please transfer Rs 250 to my UPI when you can.
spam,Congratulations! You are chosen for a free vacation. Call now on 54545.
spam,"You have won a gift card worth Rs 1,00,000. Reply GIFT to 56060. Offer valid today only."
spam,"Final notice! Claim your uncollected reward of Rs 1,00,000 by texting CLAIM to 87121. Offer valid today only."
spam,URGENT! Your mobile number won a lucky draw for laptop. Reply CLAIM to 56060. Offer valid today only.
ham,The class starts at 6:30 pm; do not be late.
spam,Hot singles near you are waiting. Visit tinyurl.com/rewardfast now.
ham,Can we reschedule to Friday 8:00 am?
spam,"BSNL promo: You won Rs 10,000 recharge coupon. Redeem at tinyurl.com/rewardfast."
spam,"Vi promo: You won Rs 10,000 recharge coupon. Redeem at claim-bonus-now.com."
ham,Let us have lunch at the canteen tomorrow. Please confirm.
spam,Free entry in weekly contest to win voucher. Send YES to 90909 today.
ham,Can you send me the notes for chemistry before Friday? Please confirm.
spam,URGENT! Your mobile number won a lucky draw for headphones. Reply CLAIM to 87121. Offer valid today only.
ham,Meeting moved to conference room at 11:00 am. Please confirm.
ham,"Hey Priya, are we still meeting at 9:30 am near the office gate? Please confirm."
ham,Your appointment is confirmed for Tuesday at 6:30 pm. Please confirm.
spam,Limited offer: get loan approved instantly. Click tinyurl.com/rewardfast to apply.
spam,Your account is suspended. Verify details at bit.ly/claim-now immediately.
ham,Please transfer Rs 400 to my UPI when you can.
spam,Your account is suspended. Verify details at reward-center.net immediately.
ham,The class starts at 11:00 am; do not be late.
spam,Hot singles near you are waiting. Visit bit.ly/claim-now now. Offer valid today only.
ham,Thanks for your help with the physics work.
ham,Let us have lunch at the library tomorrow.
ham,Thanks for your help with the assignment work. Please confirm.
spam,Hot singles near you are waiting. Visit bit.ly/claim-now now. Offer valid today only.
spam,Limited offer: get loan approved instantly. Click reward-center.net to apply. Offer valid today only.
spam,Hot singles near you are waiting. Visit claim-bonus-now.com now.
ham,"Hey Riya, are we still meeting at 6:30 pm near the library? Please confirm."
ham,Thanks for your help with the physics work.
ham,Let us have lunch at the library tomorrow.
ham,Dinner plan tonight at 5:00 pm?
spam,URGENT! Your mobile number won a lucky draw for laptop. Reply CLAIM to 87121.
spam,Act now! Last 2 hours to claim your jackpot prize at bit.ly/claim-now.
spam,Earn Rs 5000 daily from home. Register at tinyurl.com/rewardfast.
spam,Your account is suspended. Verify details at reward-center.net immediately.
ham,Thanks for your help with the project work.
spam,Congratulations! You are chosen for a free vacation. Call now on 87121. Offer valid today only.
ham,Your appointment is confirmed for Saturday at 8:00 am.
ham,I reached home safely. Call me when you are free. Please confirm.
spam,Selected customer alert: get premium membership free. Confirm at tinyurl.com/rewardfast. Offer valid today only.
spam,Congratulations! You are chosen for a free vacation. Call now on 54545.
spam,Hot singles near you are waiting. Visit reward-center.net now. Offer valid today only.
ham,"I left your book at the bus stop, collect it when possible. Please confirm."
spam,URGENT! Your mobile number won a lucky draw for bike. Reply CLAIM to 12121.
spam,Selected customer alert: get premium membership free. Confirm at claim-bonus-now.com. Offer valid today only.
ham,I reached home safely. Call me when you are free.
spam,"You have won a gift card worth Rs 50,000. Reply GIFT to 80808. Offer valid today only."
spam,"BSNL promo: You won Rs 75,000 recharge coupon. Redeem at bit.ly/claim-now."
spam,Limited offer: get loan approved instantly. Click bit.ly/claim-now to apply. Offer valid today only.
spam,Congratulations! You are chosen for a free vacation. Call now on 87121.
ham,Meeting moved to conference room at 11:00 am.
ham,Let us have lunch at the campus tomorrow. Please confirm.
ham,Thanks for your help with the project work. Please confirm.
ham,Meeting moved to conference room at 7:15 pm. Please confirm.
spam,Congratulations! You are chosen for a free vacation. Call now on 80808.
ham,I reached home safely. Call me when you are free.
ham,Mom asked if you can come home early today.
spam,Limited offer: get loan approved instantly. Click tinyurl.com/rewardfast to apply. Offer valid today only.
ham,I reached home safely. Call me when you are free.
spam,Your account is suspended. Verify details at reward-center.net immediately. Offer valid today only.
spam,Exclusive deal! Buy 1 get 3 free only today. Tap claim-bonus-now.com.
spam,URGENT! Your mobile number won a lucky draw for smart watch. Reply CLAIM to 87121.
spam,Exclusive deal! Buy 1 get 3 free only today. Tap tinyurl.com/rewardfast.
spam,URGENT! Your mobile number won a lucky draw for bike. Reply CLAIM to 56060. Offer valid today only.
spam,Act now! Last 2 hours to claim your jackpot prize at reward-center.net.
spam,Act now! Last 2 hours to claim your jackpot prize at reward-center.net.
spam,"Jio promo: You won Rs 10,000 recharge coupon. Redeem at claim-bonus-now.com."
ham,Thanks for your help with the report work.
spam,"Final notice! Claim your uncollected reward of Rs 50,000 by texting CLAIM to 56060."
ham,Can you send me the notes for project before Tuesday?
ham,Can you send me the notes for presentation before Monday?
ham,I reached home safely. Call me when you are free.
ham,Can we reschedule to Monday 8:00 am? Please confirm.
ham,"I will be late by 10 minutes, traffic is heavy."
spam,URGENT! Your mobile number won a lucky draw for voucher. Reply CLAIM to 87121.
ham,Mom asked if you can come home early today.
ham,"Hey Priya, are we still meeting at 5:00 pm near the park? Please confirm."
ham,Please transfer Rs 400 to my UPI when you can.
spam,Act now! Last 2 hours to claim your jackpot prize at reward-center.net. Offer valid today only.
spam,Free entry in weekly contest to win smart watch. Send YES to 90909 today. Offer valid today only.
ham,Thanks for your help with the project work.
ham,Please pick up milk and bread on your way back.
ham,Mom asked if you can come home early today. Please confirm.
ham,"I will be late by 10 minutes, traffic is heavy. Please confirm."
spam,Selected customer alert: get premium membership free. Confirm at reward-center.net.
spam,URGENT! Your mobile number won a lucky draw for phone. Reply CLAIM to 54545.
spam,Exclusive deal! Buy 1 get 3 free only today. Tap claim-bonus-now.com.
ham,Mom asked if you can come home early today. Please confirm.
spam,Exclusive deal! Buy 1 get 3 free only today. Tap claim-bonus-now.com.
spam,Limited offer: get loan approved instantly. Click reward-center.net to apply.
spam,Selected customer alert: get premium membership free. Confirm at tinyurl.com/rewardfast.
spam,"You have won a gift card worth Rs 25,000. Reply GIFT to 80808."
ham,I reached home safely. Call me when you are free.
ham,Your appointment is confirmed for Wednesday at 6:30 pm. Please confirm.
spam,Your account is suspended. Verify details at bit.ly/claim-now immediately.
spam,Free entry in weekly contest to win laptop. Send YES to 54545 today.
ham,Thanks for your help with the report work. Please confirm.
spam,Earn Rs 5000 daily from home. Register at bit.ly/claim-now.
ham,"Hey Rahul, are we still meeting at 8:00 am near the library?"
ham,Can we reschedule to Friday 8:00 am? Please confirm.
spam,"Jio promo: You won Rs 75,000 recharge coupon. Redeem at bit.ly/claim-now. Offer valid today only."
spam,"Dear user, your KYC failed. Update immediately on bit.ly/claim-now."
ham,Please pick up milk and bread on your way back.
ham,Your appointment is confirmed for Saturday at 5:00 pm. Please confirm.
ham,Please transfer Rs 250 to my UPI when you can.
ham,I reached home safely. Call me when you are free. Please confirm.
ham,Please transfer Rs 400 to my UPI when you can.
ham,Thanks for your help with the report work. Please confirm.
spam,"Final notice! Claim your uncollected reward of Rs 75,000 by texting CLAIM to 56060."
ham,Please transfer Rs 400 to my UPI when you can.
spam,"You have won a gift card worth Rs 25,000. Reply GIFT to 12121."
spam,"Final notice! Claim your uncollected reward of Rs 75,000 by texting CLAIM to 12121."
ham,Let us have lunch at the campus tomorrow.
ham,Please transfer Rs 250 to my UPI when you can. Please confirm.
spam,Selected customer alert: get premium membership free. Confirm at reward-center.net.
spam,URGENT! Your mobile number won a lucky draw for laptop. Reply CLAIM to 90909. Offer valid today only.
spam,Congratulations! You are chosen for a free vacation. Call now on 90909.
spam,"You have won a gift card worth Rs 75,000. Reply GIFT to 87121. Offer valid today only."
spam,Act now! Last 2 hours to claim your jackpot prize at claim-bonus-now.com.
spam,Earn Rs 5000 daily from home. Register at claim-bonus-now.com.
ham,"I will be late by 10 minutes, traffic is heavy."
ham,Thanks for your help with the project work.
ham,"I left your book at the library, collect it when possible."
spam,Hot singles near you are waiting. Visit claim-bonus-now.com now. Offer valid today only.
spam,Free entry in weekly contest to win voucher. Send YES to 12121 today.
ham,Your appointment is confirmed for Friday at 5:00 pm.
ham,Mom asked if you can come home early today.
ham,Please pick up milk and bread on your way back.
spam,Congratulations! You are chosen for a free vacation. Call now on 80808.
spam,Limited offer: get loan approved instantly. Click claim-bonus-now.com to apply. Offer valid today only.
spam,Your account is suspended. Verify details at bit.ly/claim-now immediately. Offer valid today only.
spam,"WINNER! You have been selected to receive Rs 1,00,000 cash prize. Text WIN to 80808 now. Offer valid today only."
ham,"I will be late by 10 minutes, traffic is heavy."
ham,The class starts at 9:30 am; do not be late. Please confirm.
spam,URGENT! Your mobile number won a lucky draw for smart watch. Reply CLAIM to 87121.
ham,Meeting moved to conference room at 8:00 am.
ham,Can you send me the notes for project before Tuesday? Please confirm.
spam,"You have won a gift card worth Rs 10,000. Reply GIFT to 56060. Offer valid today only."
ham,Let us have lunch at the bus stop tomorrow.
ham,Please transfer Rs 900 to my UPI when you can. Please confirm.
ham,"Hey Sara, are we still meeting at 7:15 pm near the office gate? Please confirm."
ham,Let us have lunch at the campus tomorrow.
ham,Dinner plan tonight at 6:30 pm?
ham,Meeting moved to conference room at 7:15 pm.
spam,Act now! Last 2 hours to claim your jackpot prize at reward-center.net.
ham,The class starts at 8:00 am; do not be late.
spam,"Dear user, your KYC failed. Update immediately on bit.ly/claim-now."
spam,Free entry in weekly contest to win laptop. Send YES to 80808 today.
spam,URGENT! Your mobile number won a lucky draw for laptop. Reply CLAIM to 12121.
spam,Earn Rs 5000 daily from home. Register at bit.ly/claim-now.
spam,URGENT! Your mobile number won a lucky draw for bike. Reply CLAIM to 90909. Offer valid today only.
spam,Congratulations! You are chosen for a free vacation. Call now on 54545.
spam,"WINNER! You have been selected to receive Rs 75,000 cash prize. Text WIN to 56060 now."
ham,Please pick up milk and bread on your way back. Please confirm.
ham,"I left your book at the station, collect it when possible. Please confirm."
spam,Free entry in weekly contest to win phone. Send YES to 54545 today. Offer valid today only.
spam,Act now! Last 2 hours to claim your jackpot prize at tinyurl.com/rewardfast.
spam,Free entry in weekly contest to win bike. Send YES to 80808 today.
spam,URGENT! Your mobile number won a lucky draw for phone. Reply CLAIM to 87121.
ham,Please transfer Rs 400 to my UPI when you can.
ham,Mom asked if you can come home early today.
ham,I reached home safely. Call me when you are free.
spam,"WINNER! You have been selected to receive Rs 1,00,000 cash prize. Text WIN to 87121 now. Offer valid today only."
ham,The class starts at 7:15 pm; do not be late.
ham,I reached home safely. Call me when you are free. Please confirm.
ham,Can we reschedule to Friday 7:15 pm?
ham,"Hey Rahul, are we still meeting at 9:30 am near the bus stop? Please confirm."
spam,"Jio promo: You won Rs 50,000 recharge coupon. Redeem at reward-center.net."
ham,"I left your book at the park, collect it when possible. Please confirm."
spam,Selected customer alert: get premium membership free. Confirm at tinyurl.com/rewardfast. Offer valid today only.
ham,Can we reschedule to Friday 7:15 pm?
ham,The class starts at 7:15 pm; do not be late. Please confirm.
ham,Can you send me the notes for project before Thursday?
spam,Hot singles near you are waiting. Visit claim-bonus-now.com now.
spam,Limited offer: get loan approved instantly. Click tinyurl.com/rewardfast to apply.
spam,Selected customer alert: get premium membership free. Confirm at bit.ly/claim-now.
ham,"Hey Priya, are we still meeting at 8:00 am near the canteen? Please confirm."
spam,"You have won a gift card worth Rs 10,000. Reply GIFT to 80808."
spam,Hot singles near you are waiting. Visit tinyurl.com/rewardfast now.
spam,Congratulations! You are chosen for a free vacation. Call now on 90909.
ham,I reached home safely. Call me when you are free.
ham,Please pick up milk and bread on your way back.
ham,The class starts at 7:15 pm; do not be late.
ham,"I will be late by 10 minutes, traffic is heavy."
ham,Your appointment is confirmed for Friday at 6:30 pm. Please confirm.
spam,Congratulations! You are chosen for a free vacation. Call now on 12121. Offer valid today only.
ham,Your appointment is confirmed for Saturday at 6:30 pm. Please confirm.
spam,Congratulations! You are chosen for a free vacation. Call now on 12121. Offer valid today only.
ham,Let us have lunch at the library tomorrow.
spam,Your account is suspended. Verify details at bit.ly/claim-now immediately. Offer valid today only.
spam,Exclusive deal! Buy 1 get 3 free only today. Tap claim-bonus-now.com. Offer valid today only.
ham,Can you send me the notes for physics before Tuesday?
spam,"Final notice! Claim your uncollected reward of Rs 1,00,000 by texting CLAIM to 54545. Offer valid today only."
spam,"Final notice! Claim your uncollected reward of Rs 25,000 by texting CLAIM to 80808."
spam,Congratulations! You are chosen for a free vacation. Call now on 87121.
spam,"BSNL promo: You won Rs 50,000 recharge coupon. Redeem at bit.ly/claim-now."
ham,"I will be late by 10 minutes, traffic is heavy."
ham,"I will be late by 10 minutes, traffic is heavy."
ham,The class starts at 11:00 am; do not be late.
ham,I reached home safely. Call me when you are free. Please confirm.
ham,Can you send me the notes for math before Wednesday?
ham,Can we reschedule to Thursday 11:00 am? Please confirm.
ham,"I will be late by 10 minutes, traffic is heavy. Please confirm."
spam,"WINNER! You have been selected to receive Rs 25,000 cash prize. Text WIN to 56060 now. Offer valid today only."
spam,Limited offer: get loan approved instantly. Click bit.ly/claim-now to apply.
spam,Earn Rs 5000 daily from home. Register at bit.ly/claim-now. Offer valid today only.
ham,Let us have lunch at the office gate tomorrow. Please confirm.
spam,Selected customer alert: get premium membership free. Confirm at tinyurl.com/rewardfast. Offer valid today only.
ham,Meeting moved to conference room at 8:00 am.
spam,"Airtel promo: You won Rs 50,000 recharge coupon. Redeem at reward-center.net."
ham,Mom asked if you can come home early today.
ham,Can you send me the notes for project before Friday?
spam,"You have won a gift card worth Rs 1,00,000. Reply GIFT to 90909. Offer valid today only."
ham,Mom asked if you can come home early today. Please confirm.
ham,Let us have lunch at the station tomorrow.
spam,Hot singles near you are waiting. Visit reward-center.net now. Offer valid today only.
ham,Your appointment is confirmed for Tuesday at 6:30 pm.
ham,"I left your book at the park, collect it when possible."
ham,"I left your book at the office gate, collect it when possible."
spam,Hot singles near you are waiting. Visit tinyurl.com/rewardfast now. Offer valid today only.
ham,"Hey John, are we still meeting at 7:15 pm near the mall? Please confirm."
ham,"Hey Vikram, are we still meeting at 9:30 am near the station? Please confirm."
spam,Hot singles near you are waiting. Visit claim-bonus-now.com now.
ham,Dinner plan tonight at 5:00 pm? Please confirm.
ham,I reached home safely. Call me when you are free.
spam,"Dear user, your KYC failed. Update immediately on bit.ly/claim-now. Offer valid today only."
ham,Thanks for your help with the presentation work.
ham,Please transfer Rs 900 to my UPI when you can.
ham,Please pick up milk and bread on your way back.
ham,Mom asked if you can come home early today.
ham,"I left your book at the main road, collect it when possible."
spam,Hot singles near you are waiting. Visit tinyurl.com/rewardfast now.
spam,Hot singles near you are waiting. Visit reward-center.net now. Offer valid today only.
spam,"You have won a gift card worth Rs 50,000. Reply GIFT to 56060. Offer valid today only."
ham,"I left your book at the canteen, collect it when possible."
ham,Meeting moved to conference room at 6:30 pm. Please confirm.
spam,Hot singles near you are waiting. Visit claim-bonus-now.com now.
ham,"I left your book at the station, collect it when possible."
ham,"I will be late by 10 minutes, traffic is heavy."
spam,Earn Rs 5000 daily from home. Register at reward-center.net.
spam,Selected customer alert: get premium membership free. Confirm at claim-bonus-now.com.
ham,Dinner plan tonight at 6:30 pm? Please confirm.
spam,Congratulations! You are chosen for a free vacation. Call now on 90909.
spam,"You have won a gift card worth Rs 75,000. Reply GIFT to 56060."
ham,Thanks for your help with the physics work.
spam,"You have won a gift card worth Rs 10,000. Reply GIFT to 56060. Offer valid today only."
ham,Thanks for your help with the physics work.
ham,"I left your book at the bus stop, collect it when possible."
spam,Act now! Last 2 hours to claim your jackpot prize at bit.ly/claim-now. Offer valid today only.
ham,Meeting moved to conference room at 7:15 pm.
spam,Earn Rs 5000 daily from home. Register at claim-bonus-now.com.
spam,Selected customer alert: get premium membership free. Confirm at reward-center.net. Offer valid today only.
ham,Mom asked if you can come home early today.
ham,I reached home safely. Call me when you are free.
ham,The class starts at 7:15 pm; do not be late.
ham,Mom asked if you can come home early today. Please confirm.
spam,"WINNER! You have been selected to receive Rs 50,000 cash prize. Text WIN to 90909 now."
ham,Can we reschedule to Wednesday 9:30 am? Please confirm.
ham,Let us have lunch at the library tomorrow.
ham,Can we reschedule to Wednesday 6:30 pm?
spam,Free entry in weekly contest to win phone. Send YES to 12121 today. Offer valid today only.
ham,Please transfer Rs 650 to my UPI when you can.
spam,"WINNER! You have been selected to receive Rs 75,000 cash prize. Text WIN to 90909 now. Offer valid today only."
ham,"Hey Riya, are we still meeting at 11:00 am near the canteen? Please confirm."
spam,Congratulations! You are chosen for a free vacation. Call now on 87121. Offer valid today only.
spam,Selected customer alert: get premium membership free. Confirm at bit.ly/claim-now.
spam,Congratulations! You are chosen for a free vacation. Call now on 80808.
spam,"You have won a gift card worth Rs 75,000. Reply GIFT to 56060."
ham,The class starts at 7:15 pm; do not be late.
ham,The class starts at 11:00 am; do not be late.
spam,URGENT! Your mobile number won a lucky draw for smart watch. Reply CLAIM to 87121. Offer valid today only.
spam,Limited offer: get loan approved instantly. Click bit.ly/claim-now to apply. Offer valid today only.
spam,URGENT! Your mobile number won a lucky draw for smart watch. Reply CLAIM to 90909.
spam,Exclusive deal! Buy 1 get 3 free only today. Tap bit.ly/claim-now.
ham,"I will be late by 10 minutes, traffic is heavy."
spam,Congratulations! You are chosen for a free vacation. Call now on 80808.
ham,Please pick up milk and bread on your way back.
ham,"I left your book at the campus, collect it when possible."
ham,Let us have lunch at the office gate tomorrow.
ham,"I left your book at the mall, collect it when possible."
spam,"Dear user, your KYC failed. Update immediately on reward-center.net. Offer valid today only."
ham,Can you send me the notes for assignment before Monday? Please confirm.
spam,"Final notice! Claim your uncollected reward of Rs 25,000 by texting CLAIM to 54545. Offer valid today only."
spam,"You have won a gift card worth Rs 75,000. Reply GIFT to 56060."
spam,"Vi promo: You won Rs 75,000 recharge coupon. Redeem at tinyurl.com/rewardfast. Offer valid today only."
ham,Mom asked if you can come home early today.
spam,URGENT! Your mobile number won a lucky draw for smart watch. Reply CLAIM to 12121.
spam,"BSNL promo: You won Rs 25,000 recharge coupon. Redeem at claim-bonus-now.com."
ham,Please transfer Rs 250 to my UPI when you can.
spam,Limited offer: get loan approved instantly. Click tinyurl.com/rewardfast to apply. Offer valid today only.
ham,Thanks for your help with the chemistry work. Please confirm.
ham,"I will be late by 10 minutes, traffic is heavy. Please confirm."
ham,Your appointment is confirmed for Tuesday at 5:00 pm.
spam,Act now! Last 2 hours to claim your jackpot prize at bit.ly/claim-now. Offer valid today only.
spam,Act now! Last 2 hours to claim your jackpot prize at bit.ly/claim-now. Offer valid today only.
spam,Limited offer: get loan approved instantly. Click tinyurl.com/rewardfast to apply. Offer valid today only.
spam,Act now! Last 2 hours to claim your jackpot prize at tinyurl.com/rewardfast.
spam,Free entry in weekly contest to win smart watch. Send YES to 80808 today. Offer valid today only.
ham,Can you send me the notes for physics before Wednesday?
spam,"Airtel promo: You won Rs 50,000 recharge coupon. Redeem at bit.ly/claim-now. Offer valid today only."
spam,Act now! Last 2 hours to claim your jackpot prize at reward-center.net.
ham,Dinner plan tonight at 6:30 pm? Please confirm.
spam,Your account is suspended. Verify details at tinyurl.com/rewardfast immediately.
spam,"Dear user, your KYC failed. Update immediately on claim-bonus-now.com."
ham,Please transfer Rs 650 to my UPI when you can. Please confirm.
ham,Meeting moved to conference room at 8:00 am.
ham,Can we reschedule to Thursday 6:30 pm?
spam,Act now! Last 2 hours to claim your jackpot prize at tinyurl.com/rewardfast.
spam,Free entry in weekly contest to win laptop. Send YES to 12121 today.
ham,Thanks for your help with the physics work. Please confirm.
ham,Please transfer Rs 250 to my UPI when you can. Please confirm.
ham,Let us have lunch at the campus tomorrow.
spam,Limited offer: get loan approved instantly. Click bit.ly/claim-now to apply.
ham,The class starts at 6:30 pm; do not be late. Please confirm.
ham,I reached home safely. Call me when you are free. Please confirm.
ham,I reached home safely. Call me when you are free.
ham,Can we reschedule to Tuesday 8:00 am? Please confirm.
ham,I reached home safely. Call me when you are free.
ham,"Hey Priya, are we still meeting at 8:00 am near the mall?"
ham,Please pick up milk and bread on your way back.
ham,Can we reschedule to Thursday 11:00 am?
spam,URGENT! Your mobile number won a lucky draw for headphones. Reply CLAIM to 56060.
spam,"WINNER! You have been selected to receive Rs 1,00,000 cash prize. Text WIN to 54545 now. Offer valid today only."
ham,Meeting moved to conference room at 5:00 pm. Please confirm.
spam,Congratulations! You are chosen for a free vacation. Call now on 90909.
ham,"I will be late by 10 minutes, traffic is heavy."
ham,"Hey Priya, are we still meeting at 7:15 pm near the station?"
ham,Please transfer Rs 650 to my UPI when you can.
ham,"Hey Sara, are we still meeting at 9:30 am near the office gate?"
spam,"Final notice! Claim your uncollected reward of Rs 25,000 by texting CLAIM to 87121."
spam,Act now! Last 2 hours to claim your jackpot prize at reward-center.net.
ham,"I left your book at the campus, collect it when possible."
ham,"Hey Karan, are we still meeting at 5:00 pm near the office gate?"
spam,Hot singles near you are waiting. Visit tinyurl.com/rewardfast now.
spam,"You have won a gift card worth Rs 75,000. Reply GIFT to 87121."
spam,"You have won a gift card worth Rs 75,000. Reply GIFT to 12121."
spam,"Vi promo: You won Rs 10,000 recharge coupon. Redeem at bit.ly/claim-now."
spam,"Dear user, your KYC failed. Update immediately on claim-bonus-now.com."
ham,Please pick up milk and bread on your way back.
ham,The class starts at 7:15 pm; do not be late.
spam,"WINNER! You have been selected to receive Rs 25,000 cash prize. Text WIN to 56060 now."
spam,"Jio promo: You won Rs 10,000 recharge coupon. Redeem at claim-bonus-now.com."
ham,Mom asked if you can come home early today.
spam,Earn Rs 5000 daily from home. Register at bit.ly/claim-now. Offer valid today only.
spam,Exclusive deal! Buy 1 get 3 free only today. Tap claim-bonus-now.com. Offer valid today only.
spam,Selected customer alert: get premium membership free. Confirm at reward-center.net. Offer valid today only.
ham,Can you send me the notes for project before Tuesday? Please confirm.
spam,Hot singles near you are waiting. Visit claim-bonus-now.com now.
spam,Limited offer: get loan approved instantly. Click tinyurl.com/rewardfast to apply.
spam,URGENT! Your mobile number won a lucky draw for headphones. Reply CLAIM to 56060. Offer valid today only.
spam,"Vi promo: You won Rs 50,000 recharge coupon. Redeem at claim-bonus-now.com."
spam,"Airtel promo: You won Rs 75,000 recharge coupon. Redeem at tinyurl.com/rewardfast."
spam,"Final notice! Claim your uncollected reward of Rs 10,000 by texting CLAIM to 80808."
spam,Selected customer alert: get premium membership free. Confirm at tinyurl.com/rewardfast.
spam,Selected customer alert: get premium membership free. Confirm at tinyurl.com/rewardfast.
spam,Limited offer: get loan approved instantly. Click bit.ly/claim-now to apply.
spam,Earn Rs 5000 daily from home. Register at bit.ly/claim-now. Offer valid today only.
spam,"BSNL promo: You won Rs 50,000 recharge coupon. Redeem at claim-bonus-now.com."
spam,Congratulations! You are chosen for a free vacation. Call now on 80808. Offer valid today only.
spam,"Final notice! Claim your uncollected reward of Rs 25,000 by texting CLAIM to 90909."
spam,Exclusive deal! Buy 1 get 3 free only today. Tap reward-center.net. Offer valid today only.
spam,Exclusive deal! Buy 1 get 3 free only today. Tap claim-bonus-now.com. Offer valid today only.
spam,Free entry in weekly contest to win laptop. Send YES to 54545 today.
ham,Can we reschedule to Friday 9:30 am?
ham,Please pick up milk and bread on your way back.
spam,Free entry in weekly contest to win bike. Send YES to 80808 today. Offer valid today only.
ham,Mom asked if you can come home early today. Please confirm.
spam,Free entry in weekly contest to win bike. Send YES to 80808 today. Offer valid today only.
spam,Act now! Last 2 hours to claim your jackpot prize at reward-center.net. Offer valid today only.
ham,"I left your book at the station, collect it when possible. Please confirm."
ham,Meeting moved to conference room at 5:00 pm. Please confirm.
ham,Let us have lunch at the park tomorrow.
spam,Selected customer alert: get premium membership free. Confirm at claim-bonus-now.com.
ham,Please transfer Rs 650 to my UPI when you can.
spam,URGENT! Your mobile number won a lucky draw for bike. Reply CLAIM to 12121.
spam,Exclusive deal! Buy 1 get 3 free only today. Tap reward-center.net.
ham,Your appointment is confirmed for Tuesday at 6:30 pm.
spam,Limited offer: get loan approved instantly. Click tinyurl.com/rewardfast to apply. Offer valid today only.
spam,"WINNER! You have been selected to receive Rs 10,000 cash prize. Text WIN to 90909 now."
ham,Dinner plan tonight at 9:30 am?
spam,"You have won a gift card worth Rs 75,000. Reply GIFT to 80808."
ham,Thanks for your help with the report work.
ham,Let us have lunch at the station tomorrow. Please confirm.
ham,"I will be late by 10 minutes, traffic is heavy. Please confirm."
ham,Your appointment is confirmed for Monday at 8:00 am. Please confirm.
spam,Free entry in weekly contest to win laptop. Send YES to 54545 today. Offer valid today only.
spam,Hot singles near you are waiting. Visit bit.ly/claim-now now. Offer valid today only.
ham,The class starts at 5:00 pm; do not be late.
ham,Let us have lunch at the station tomorrow.
ham,I reached home safely. Call me when you are free. Please confirm.
ham,I reached home safely. Call me when you are free. Please confirm.
ham,"I left your book at the mall, collect it when possible. Please confirm."
spam,"Dear user, your KYC failed. Update immediately on tinyurl.com/rewardfast. Offer valid today only."
ham,Let us have lunch at the main road tomorrow.
ham,The class starts at 8:00 am; do not be late.
spam,Your account is suspended. Verify details at tinyurl.com/rewardfast immediately.
spam,"Final notice! Claim your uncollected reward of Rs 25,000 by texting CLAIM to 87121."
spam,"You have won a gift card worth Rs 50,000. Reply GIFT to 90909. Offer valid today only."
spam,URGENT! Your mobile number won a lucky draw for headphones. Reply CLAIM to 54545. Offer valid today only.
spam,Earn Rs 5000 daily from home. Register at bit.ly/claim-now.
spam,"You have won a gift card worth Rs 50,000. Reply GIFT to 12121."
ham,Thanks for your help with the lab work work. Please confirm.
spam,Congratulations! You are chosen for a free vacation. Call now on 12121.
ham,"I left your book at the mall, collect it when possible. Please confirm."
ham,I reached home safely. Call me when you are free.
ham,"I left your book at the station, collect it when possible."
spam,Your account is suspended. Verify details at reward-center.net immediately.
spam,Your account is suspended. Verify details at bit.ly/claim-now immediately. Offer valid today only.
ham,Can we reschedule to Tuesday 8:00 am? Please confirm.
ham,Mom asked if you can come home early today.
ham,The class starts at 6:30 pm; do not be late. Please confirm.
ham,The class starts at 11:00 am; do not be late. Please confirm.
spam,Your account is suspended. Verify details at reward-center.net immediately.
ham,"Hey Amit, are we still meeting at 11:00 am near the main road?"
ham,"I left your book at the main road, collect it when possible. Please confirm."
ham,Can we reschedule to Thursday 6:30 pm?
spam,Earn Rs 5000 daily from home. Register at bit.ly/claim-now. Offer valid today only.
spam,Earn Rs 5000 daily from home. Register at reward-center.net. Offer valid today only.
spam,"BSNL promo: You won Rs 75,000 recharge coupon. Redeem at bit.ly/claim-now. Offer valid today only."
spam,Your account is suspended. Verify details at reward-center.net immediately.
spam,Limited offer: get loan approved instantly. Click bit.ly/claim-now to apply.
spam,Hot singles near you are waiting. Visit reward-center.net now. Offer valid today only.
spam,"Dear user, your KYC failed. Update immediately on claim-bonus-now.com. Offer valid today only."
spam,"You have won a gift card worth Rs 10,000. Reply GIFT to 54545. Offer valid today only."
spam,URGENT! Your mobile number won a lucky draw for laptop. Reply CLAIM to 80808.
spam,Exclusive deal! Buy 1 get 3 free only today. Tap claim-bonus-now.com. Offer valid today only.
ham,Please pick up milk and bread on your way back.
spam,Earn Rs 5000 daily from home. Register at bit.ly/claim-now. Offer valid today only.
ham,"I will be late by 10 minutes, traffic is heavy."
ham,"I left your book at the office gate, collect it when possible. Please confirm."
ham,Can you send me the notes for presentation before Thursday? Please confirm.
ham,I reached home safely. Call me when you are free.
spam,Congratulations! You are chosen for a free vacation. Call now on 80808. Offer valid today only.
ham,I reached home safely. Call me when you are free.
ham,"I will be late by 10 minutes, traffic is heavy."
ham,Your appointment is confirmed for Tuesday at 6:30 pm.
spam,"BSNL promo: You won Rs 25,000 recharge coupon. Redeem at reward-center.net. Offer valid today only."
ham,The class starts at 9:30 am; do not be late. Please confirm.
spam,Earn Rs 5000 daily from home. Register at bit.ly/claim-now.
ham,Dinner plan tonight at 5:00 pm? Please confirm.
ham,I reached home safely. Call me when you are free. Please confirm.
spam,Your account is suspended. Verify details at bit.ly/claim-now immediately. Offer valid today only.
spam,Congratulations! You are chosen for a free vacation. Call now on 12121.
spam,"WINNER! You have been selected to receive Rs 50,000 cash prize. Text WIN to 56060 now."
ham,The class starts at 11:00 am; do not be late.
spam,Hot singles near you are waiting. Visit bit.ly/claim-now now. Offer valid today only.
spam,"Airtel promo: You won Rs 25,000 recharge coupon. Redeem at claim-bonus-now.com."
ham,The class starts at 5:00 pm; do not be late.
ham,Let us have lunch at the main road tomorrow. Please confirm.
spam,"WINNER! You have been selected to receive Rs 10,000 cash prize. Text WIN to 90909 now."
ham,Meeting moved to conference room at 5:00 pm.
ham,"I will be late by 10 minutes, traffic is heavy."
ham,I reached home safely. Call me when you are free.
spam,"You have won a gift card worth Rs 25,000. Reply GIFT to 80808. Offer valid today only."
spam,Limited offer: get loan approved instantly. Click tinyurl.com/rewardfast to apply.
ham,Mom asked if you can come home early today.
ham,Can you send me the notes for assignment before Monday?
spam,URGENT! Your mobile number won a lucky draw for phone. Reply CLAIM to 56060.
spam,Act now! Last 2 hours to claim your jackpot prize at bit.ly/claim-now.
spam,Act now! Last 2 hours to claim your jackpot prize at bit.ly/claim-now. Offer valid today only.
spam,"You have won a gift card worth Rs 10,000. Reply GIFT to 80808. Offer valid today only."
ham,Your appointment is confirmed for Monday at 8:00 am. Please confirm.
spam,"Dear user, your KYC failed. Update immediately on tinyurl.com/rewardfast. Offer valid today only."
spam,"WINNER! You have been selected to receive Rs 75,000 cash prize. Text WIN to 56060 now. Offer valid today only."
spam,"Jio promo: You won Rs 1,00,000 recharge coupon. Redeem at bit.ly/claim-now."
spam,URGENT! Your mobile number won a lucky draw for laptop. Reply CLAIM to 12121.
ham,Can you send me the notes for math before Friday?
spam,"WINNER! You have been selected to receive Rs 25,000 cash prize. Text WIN to 12121 now. Offer valid today only."
ham,I reached home safely. Call me when you are free.
ham,Meeting moved to conference room at 5:00 pm.
spam,URGENT! Your mobile number won a lucky draw for laptop. Reply CLAIM to 12121. Offer valid today only.
ham,Dinner plan tonight at 6:30 pm?
spam,Hot singles near you are waiting. Visit claim-bonus-now.com now. Offer valid today only.
ham,Can you send me the notes for presentation before Saturday?
spam,Selected customer alert: get premium membership free. Confirm at tinyurl.com/rewardfast.
spam,"Final notice! Claim your uncollected reward of Rs 25,000 by texting CLAIM to 56060. Offer valid today only."
ham,Can we reschedule to Saturday 7:15 pm? Please confirm.
spam,"Airtel promo: You won Rs 75,000 recharge coupon. Redeem at claim-bonus-now.com."
ham,Dinner plan tonight at 6:30 pm? Please confirm.
spam,"You have won a gift card worth Rs 50,000. Reply GIFT to 56060."
ham,Please transfer Rs 400 to my UPI when you can.
ham,Your appointment is confirmed for Tuesday at 5:00 pm.
ham,"I left your book at the main road, collect it when possible."
spam,Limited offer: get loan approved instantly. Click tinyurl.com/rewardfast to apply. Offer valid today only.
ham,Can we reschedule to Monday 7:15 pm? Please confirm.
ham,Please pick up milk and bread on your way back. Please confirm.
spam,"WINNER! You have been selected to receive Rs 75,000 cash prize. Text WIN to 54545 now."
ham,Can we reschedule to Wednesday 8:00 am?
ham,Meeting moved to conference room at 8:00 am. Please confirm.
ham,"I left your book at the park, collect it when possible. Please confirm."
ham,Thanks for your help with the project work.
ham,I reached home safely. Call me when you are free. Please confirm.
spam,Hot singles near you are waiting. Visit tinyurl.com/rewardfast now. Offer valid today only.
ham,Please transfer Rs 400 to my UPI when you can. Please confirm.
ham,"I will be late by 10 minutes, traffic is heavy."
spam,Hot singles near you are waiting. Visit reward-center.net now.
ham,I reached home safely. Call me when you are free.
ham,"Hey Maya, are we still meeting at 5:00 pm near the main road? Please confirm."
spam,"Final notice! Claim your uncollected reward of Rs 10,000 by texting CLAIM to 90909."
spam,"You have won a gift card worth Rs 50,000. Reply GIFT to 90909."
ham,"I will be late by 10 minutes, traffic is heavy."
spam,Congratulations! You are chosen for a free vacation. Call now on 54545.
ham,"I left your book at the campus, collect it when possible."
spam,Earn Rs 5000 daily from home. Register at claim-bonus-now.com.
spam,Free entry in weekly contest to win laptop. Send YES to 54545 today.
ham,Please pick up milk and bread on your way back. Please confirm.
ham,I reached home safely. Call me when you are free. Please confirm.
spam,"WINNER! You have been selected to receive Rs 10,000 cash prize. Text WIN to 87121 now. Offer valid today only."
ham,Mom asked if you can come home early today.
spam,Hot singles near you are waiting. Visit tinyurl.com/rewardfast now.
spam,URGENT! Your mobile number won a lucky draw for voucher. Reply CLAIM to 87121.
ham,Dinner plan tonight at 11:00 am?
spam,Exclusive deal! Buy 1 get 3 free only today. Tap claim-bonus-now.com.
spam,"You have won a gift card worth Rs 10,000. Reply GIFT to 87121."
spam,"Final notice! Claim your uncollected reward of Rs 25,000 by texting CLAIM to 87121. Offer valid today only."
spam,Your account is suspended. Verify details at bit.ly/claim-now immediately. Offer valid today only.
spam,"You have won a gift card worth Rs 25,000. Reply GIFT to 80808. Offer valid today only."
spam,Earn Rs 5000 daily from home. Register at reward-center.net.
spam,Hot singles near you are waiting. Visit tinyurl.com/rewardfast now.
ham,Can you send me the notes for assignment before Wednesday?
ham,"Hey Neha, are we still meeting at 6:30 pm near the main road?"
spam,Earn Rs 5000 daily from home. Register at claim-bonus-now.com.
ham,Please transfer Rs 1200 to my UPI when you can.
ham,Thanks for your help with the lab work work.
ham,"I will be late by 10 minutes, traffic is heavy."
ham,"I left your book at the office gate, collect it when possible. Please confirm."
ham,Let us have lunch at the park tomorrow. Please confirm.
ham,Please pick up milk and bread on your way back. Please confirm.
spam,Your account is suspended. Verify details at tinyurl.com/rewardfast immediately.
ham,"Hey Sara, are we still meeting at 6:30 pm near the park? Please confirm."
spam,Limited offer: get loan approved instantly. Click tinyurl.com/rewardfast to apply. Offer valid today only.
spam,Your account is suspended. Verify details at reward-center.net immediately.
spam,"WINNER! You have been selected to receive Rs 25,000 cash prize. Text WIN to 56060 now."
spam,"Final notice! Claim your uncollected reward of Rs 1,00,000 by texting CLAIM to 12121."
ham,"Hey Vikram, are we still meeting at 6:30 pm near the canteen?"
ham,Meeting moved to conference room at 8:00 am.
ham,The class starts at 8:00 am; do not be late.
spam,"WINNER! You have been selected to receive Rs 50,000 cash prize. Text WIN to 12121 now."
ham,Meeting moved to conference room at 9:30 am. Please confirm.
spam,Hot singles near you are waiting. Visit reward-center.net now.
ham,Meeting moved to conference room at 6:30 pm. Please confirm.
ham,Please pick up milk and bread on your way back. Please confirm.
spam,Act now! Last 2 hours to claim your jackpot prize at claim-bonus-now.com.
ham,Your appointment is confirmed for Saturday at 9:30 am.
spam,"Dear user, your KYC failed. Update immediately on tinyurl.com/rewardfast."
ham,Please pick up milk and bread on your way back. Please confirm.
ham,Please transfer Rs 900 to my UPI when you can.
ham,Meeting moved to conference room at 5:00 pm. Please confirm.
ham,Can we reschedule to Friday 11:00 am? Please confirm.
ham,Please pick up milk and bread on your way back.
spam,"Dear user, your KYC failed. Update immediately on claim-bonus-now.com. Offer valid today only."
ham,Please transfer Rs 650 to my UPI when you can.
ham,Dinner plan tonight at 8:00 am? Please confirm.
spam,"Final notice! Claim your uncollected reward of Rs 25,000 by texting CLAIM to 12121."
spam,Act now! Last 2 hours to claim your jackpot prize at bit.ly/claim-now.
spam,URGENT! Your mobile number won a lucky draw for phone. Reply CLAIM to 90909.
spam,Free entry in weekly contest to win smart watch. Send YES to 56060 today. Offer valid today only.
spam,"Dear user, your KYC failed. Update immediately on tinyurl.com/rewardfast. Offer valid today only."
ham,Dinner plan tonight at 7:15 pm? Please confirm.
spam,"Final notice! Claim your uncollected reward of Rs 1,00,000 by texting CLAIM to 56060."
ham,Please pick up milk and bread on your way back.
spam,Congratulations! You are chosen for a free vacation. Call now on 90909.
ham,Please pick up milk and bread on your way back.
spam,Earn Rs 5000 daily from home. Register at claim-bonus-now.com.
ham,Thanks for your help with the report work.
ham,Meeting moved to conference room at 8:00 am.
spam,Earn Rs 5000 daily from home. Register at claim-bonus-now.com.
spam,"BSNL promo: You won Rs 10,000 recharge coupon. Redeem at reward-center.net."
ham,Mom asked if you can come home early today.
ham,Please pick up milk and bread on your way back.
spam,Limited offer: get loan approved instantly. Click claim-bonus-now.com to apply.
spam,"Final notice! Claim your uncollected reward of Rs 50,000 by texting CLAIM to 12121. Offer valid today only."
ham,"I will be late by 10 minutes, traffic is heavy."
ham,Can you send me the notes for lab work before Thursday?
spam,Earn Rs 5000 daily from home. Register at reward-center.net. Offer valid today only.
ham,The class starts at 7:15 pm; do not be late.
ham,"Hey Riya, are we still meeting at 8:00 am near the main road?"
spam,Limited offer: get loan approved instantly. Click reward-center.net to apply. Offer valid today only.
spam,Selected customer alert: get premium membership free. Confirm at claim-bonus-now.com.
ham,Mom asked if you can come home early today.
spam,Earn Rs 5000 daily from home. Register at claim-bonus-now.com. Offer valid today only.
spam,URGENT! Your mobile number won a lucky draw for smart watch. Reply CLAIM to 90909. Offer valid today only.
spam,"Final notice! Claim your uncollected reward of Rs 25,000 by texting CLAIM to 54545. Offer valid today only."
ham,Mom asked if you can come home early today.
spam,Free entry in weekly contest to win laptop. Send YES to 90909 today.
spam,"You have won a gift card worth Rs 25,000. Reply GIFT to 56060."
spam,"Final notice! Claim your uncollected reward of Rs 75,000 by texting CLAIM to 12121."
ham,"I will be late by 10 minutes, traffic is heavy. Please confirm."
ham,Meeting moved to conference room at 8:00 am.
ham,Please transfer Rs 1200 to my UPI when you can. Please confirm.
spam,Selected customer alert: get premium membership free. Confirm at reward-center.net. Offer valid today only.
spam,"WINNER! You have been selected to receive Rs 75,000 cash prize. Text WIN to 54545 now."
spam,Earn Rs 5000 daily from home. Register at tinyurl.com/rewardfast.
spam,Your account is suspended. Verify details at claim-bonus-now.com immediately. Offer valid today only.
spam,"Dear user, your KYC failed. Update immediately on bit.ly/claim-now. Offer valid today only."
spam,"Final notice! Claim your uncollected reward of Rs 25,000 by texting CLAIM to 56060."
ham,Mom asked if you can come home early today.
spam,"You have won a gift card worth Rs 25,000. Reply GIFT to 80808. Offer valid today only."
spam,Earn Rs 5000 daily from home. Register at claim-bonus-now.com.
spam,Act now! Last 2 hours to claim your jackpot prize at tinyurl.com/rewardfast.
spam,"BSNL promo: You won Rs 50,000 recharge coupon. Redeem at claim-bonus-now.com."
spam,Act now! Last 2 hours to claim your jackpot prize at bit.ly/claim-now. Offer valid today only.
spam,Selected customer alert: get premium membership free. Confirm at reward-center.net.
spam,"Final notice! Claim your uncollected reward of Rs 1,00,000 by texting CLAIM to 54545. Offer valid today only."
ham,"I left your book at the office gate, collect it when possible."
spam,Hot singles near you are waiting. Visit claim-bonus-now.com now.
ham,Meeting moved to conference room at 5:00 pm.
ham,I reached home safely. Call me when you are free. Please confirm.
spam,URGENT! Your mobile number won a lucky draw for smart watch. Reply CLAIM to 90909.
ham,Please transfer Rs 650 to my UPI when you can. Please confirm.
ham,The class starts at 5:00 pm; do not be late.
ham,"Hey Anita, are we still meeting at 11:00 am near the campus? Please confirm."
ham,The class starts at 9:30 am; do not be late.
ham,Thanks for your help with the presentation work.
ham,"I left your book at the station, collect it when possible."
spam,Selected customer alert: get premium membership free. Confirm at reward-center.net. Offer valid today only.
spam,Limited offer: get loan approved instantly. Click claim-bonus-now.com to apply.
ham,"I left your book at the canteen, collect it when possible. Please confirm."
spam,"BSNL promo: You won Rs 75,000 recharge coupon. Redeem at claim-bonus-now.com. Offer valid today only."
spam,"You have won a gift card worth Rs 75,000. Reply GIFT to 90909."
ham,Can you send me the notes for chemistry before Tuesday? Please confirm.
ham,Your appointment is confirmed for Thursday at 11:00 am.
spam,Earn Rs 5000 daily from home. Register at bit.ly/claim-now. Offer valid today only.
spam,"WINNER! You have been selected to receive Rs 10,000 cash prize. Text WIN to 56060 now."
spam,Earn Rs 5000 daily from home. Register at reward-center.net. Offer valid today only.
ham,Thanks for your help with the assignment work. Please confirm.
ham,The class starts at 5:00 pm; do not be late.
ham,Dinner plan tonight at 5:00 pm?
ham,Dinner plan tonight at 11:00 am? Please confirm.
spam,Act now! Last 2 hours to claim your jackpot prize at bit.ly/claim-now.
ham,Please transfer Rs 900 to my UPI when you can.
spam,Act now! Last 2 hours to claim your jackpot prize at tinyurl.com/rewardfast. Offer valid today only.
ham,Can you send me the notes for presentation before Wednesday?
spam,URGENT! Your mobile number won a lucky draw for bike. Reply CLAIM to 80808.
spam,Earn Rs 5000 daily from home. Register at bit.ly/claim-now.
ham,Can you send me the notes for project before Thursday?
spam,Earn Rs 5000 daily from home. Register at bit.ly/claim-now.
spam,Your account is suspended. Verify details at reward-center.net immediately. Offer valid today only.
ham,Can we reschedule to Thursday 8:00 am?
ham,Let us have lunch at the canteen tomorrow. Please confirm.
ham,Please pick up milk and bread on your way back. Please confirm.
spam,Earn Rs 5000 daily from home. Register at bit.ly/claim-now. Offer valid today only.
ham,"Hey Maya, are we still meeting at 9:30 am near the library? Please confirm."
ham,"I left your book at the canteen, collect it when possible. Please confirm."
ham,Your appointment is confirmed for Thursday at 9:30 am.
spam,URGENT! Your mobile number won a lucky draw for phone. Reply CLAIM to 54545.
spam,"You have won a gift card worth Rs 1,00,000. Reply GIFT to 80808. Offer valid today only."
ham,The class starts at 5:00 pm; do not be late.
ham,Meeting moved to conference room at 8:00 am.
ham,Mom asked if you can come home early today. Please confirm.
spam,Free entry in weekly contest to win laptop. Send YES to 80808 today.
spam,Limited offer: get loan approved instantly. Click bit.ly/claim-now to apply. Offer valid today only.
ham,I reached home safely. Call me when you are free.
ham,Can we reschedule to Monday 6:30 pm? Please confirm.
ham,I reached home safely. Call me when you are free.
ham,Mom asked if you can come home early today.
spam,Act now! Last 2 hours to claim your jackpot prize at reward-center.net.
spam,Hot singles near you are waiting. Visit bit.ly/claim-now now. Offer valid today only.
ham,Mom asked if you can come home early today.
ham,"I left your book at the station, collect it when possible."
spam,Free entry in weekly contest to win headphones. Send YES to 54545 today. Offer valid today only.
ham,"I will be late by 10 minutes, traffic is heavy. Please confirm."
spam,"BSNL promo: You won Rs 10,000 recharge coupon. Redeem at reward-center.net."
spam,Limited offer: get loan approved instantly. Click claim-bonus-now.com to apply.
ham,"Hey John, are we still meeting at 6:30 pm near the canteen?"
spam,Your account is suspended. Verify details at claim-bonus-now.com immediately.
spam,Congratulations! You are chosen for a free vacation. Call now on 12121. Offer valid today only.
spam,"You have won a gift card worth Rs 75,000. Reply GIFT to 90909."
spam,Act now! Last 2 hours to claim your jackpot prize at tinyurl.com/rewardfast. Offer valid today only.
spam,Selected customer alert: get premium membership free. Confirm at tinyurl.com/rewardfast.
spam,Your account is suspended. Verify details at bit.ly/claim-now immediately. Offer valid today only.
ham,Let us have lunch at the office gate tomorrow.
spam,Act now! Last 2 hours to claim your jackpot prize at tinyurl.com/rewardfast.
ham,Your appointment is confirmed for Wednesday at 8:00 am. Please confirm.
ham,"Hey Rahul, are we still meeting at 5:00 pm near the main road?"
ham,"I will be late by 10 minutes, traffic is heavy."
spam,Act now! Last 2 hours to claim your jackpot prize at bit.ly/claim-now.
ham,Meeting moved to conference room at 9:30 am.
spam,"Final notice! Claim your uncollected reward of Rs 50,000 by texting CLAIM to 87121."
spam,"You have won a gift card worth Rs 75,000. Reply GIFT to 90909. Offer valid today only."
ham,"Hey Neha, are we still meeting at 7:15 pm near the office gate? Please confirm."
ham,"I will be late by 10 minutes, traffic is heavy."
ham,Please transfer Rs 900 to my UPI when you can. Please confirm.
ham,"I left your book at the station, collect it when possible."
spam,"Dear user, your KYC failed. Update immediately on tinyurl.com/rewardfast."
spam,"WINNER! You have been selected to receive Rs 10,000 cash prize. Text WIN to 12121 now. Offer valid today only."
spam,Limited offer: get loan approved instantly. Click tinyurl.com/rewardfast to apply. Offer valid today only.
ham,Your appointment is confirmed for Thursday at 6:30 pm.
spam,"Vi promo: You won Rs 50,000 recharge coupon. Redeem at claim-bonus-now.com. Offer valid today only."
ham,Mom asked if you can come home early today.
spam,URGENT! Your mobile number won a lucky draw for bike. Reply CLAIM to 56060.
spam,Free entry in weekly contest to win bike. Send YES to 80808 today.
spam,Exclusive deal! Buy 1 get 3 free only today. Tap tinyurl.com/rewardfast.
ham,The class starts at 8:00 am; do not be late.
spam,Hot singles near you are waiting. Visit reward-center.net now.
ham,The class starts at 8:00 am; do not be late.
spam,"Airtel promo: You won Rs 25,000 recharge coupon. Redeem at tinyurl.com/rewardfast. Offer valid today only."
ham,"I left your book at the campus, collect it when possible."
spam,URGENT! Your mobile number won a lucky draw for laptop. Reply CLAIM to 80808.
spam,"BSNL promo: You won Rs 1,00,000 recharge coupon. Redeem at tinyurl.com/rewardfast."
ham,"I left your book at the park, collect it when possible."
spam,Free entry in weekly contest to win headphones. Send YES to 54545 today.
ham,Please pick up milk and bread on your way back.
spam,URGENT! Your mobile number won a lucky draw for phone. Reply CLAIM to 12121.
spam,"Dear user, your KYC failed. Update immediately on claim-bonus-now.com."
ham,Mom asked if you can come home early today.
spam,Earn Rs 5000 daily from home. Register at claim-bonus-now.com. Offer valid today only.
spam,URGENT! Your mobile number won a lucky draw for laptop. Reply CLAIM to 90909.
ham,"Hey Riya, are we still meeting at 11:00 am near the campus?"
spam,Limited offer: get loan approved instantly. Click tinyurl.com/rewardfast to apply. Offer valid today only.
spam,Free entry in weekly contest to win phone. Send YES to 54545 today. Offer valid today only.
ham,"I left your book at the campus, collect it when possible. Please confirm."
ham,Mom asked if you can come home early today.
ham,Meeting moved to conference room at 8:00 am. Please confirm.
spam,Selected customer alert: get premium membership free. Confirm at reward-center.net. Offer valid today only.
ham,Meeting moved to conference room at 5:00 pm.
ham,"I left your book at the canteen, collect it when possible."
spam,"WINNER! You have been selected to receive Rs 75,000 cash prize. Text WIN to 56060 now."
spam,Congratulations! You are chosen for a free vacation. Call now on 12121. Offer valid today only.
ham,Thanks for your help with the lab work work.
ham,"I left your book at the mall, collect it when possible."
ham,Meeting moved to conference room at 6:30 pm.
spam,"You have won a gift card worth Rs 50,000. Reply GIFT to 56060."
ham,Please transfer Rs 1200 to my UPI when you can.
ham,"I left your book at the bus stop, collect it when possible."
ham,Thanks for your help with the chemistry work.
spam,Earn Rs 5000 daily from home. Register at reward-center.net. Offer valid today only.
spam,Earn Rs 5000 daily from home. Register at claim-bonus-now.com. Offer valid today only.
ham,Let us have lunch at the station tomorrow.
ham,Your appointment is confirmed for Thursday at 11:00 am.
spam,Selected customer alert: get premium membership free. Confirm at bit.ly/claim-now.
ham,Let us have lunch at the office gate tomorrow.
ham,"I will be late by 10 minutes, traffic is heavy."
spam,"Final notice! Claim your uncollected reward of Rs 50,000 by texting CLAIM to 12121."
ham,Please transfer Rs 400 to my UPI when you can.
spam,Limited offer: get loan approved instantly. Click tinyurl.com/rewardfast to apply. Offer valid today only.
spam,URGENT! Your mobile number won a lucky draw for headphones. Reply CLAIM to 56060. Offer valid today only.
spam,Selected customer alert: get premium membership free. Confirm at claim-bonus-now.com.
spam,URGENT! Your mobile number won a lucky draw for phone. Reply CLAIM to 54545.
spam,"Final notice! Claim your uncollected reward of Rs 1,00,000 by texting CLAIM to 90909. Offer valid today only."
ham,The class starts at 9:30 am; do not be late.
spam,Selected customer alert: get premium membership free. Confirm at bit.ly/claim-now. Offer valid today only.
spam,"WINNER! You have been selected to receive Rs 50,000 cash prize. Text WIN to 12121 now. Offer valid today only."
spam,"Dear user, your KYC failed. Update immediately on reward-center.net."
spam,"Final notice! Claim your uncollected reward of Rs 50,000 by texting CLAIM to 80808. Offer valid today only."
ham,Can you send me the notes for assignment before Tuesday?
spam,Limited offer: get loan approved instantly. Click bit.ly/claim-now to apply. Offer valid today only.
ham,Your appointment is confirmed for Monday at 5:00 pm.
spam,"You have won a gift card worth Rs 75,000. Reply GIFT to 80808. Offer valid today only."
ham,Can we reschedule to Wednesday 8:00 am?
spam,Congratulations! You are chosen for a free vacation. Call now on 87121.
spam,"Jio promo: You won Rs 1,00,000 recharge coupon. Redeem at tinyurl.com/rewardfast."
spam,URGENT! Your mobile number won a lucky draw for phone. Reply CLAIM to 90909.
ham,Thanks for your help with the project work. Please confirm.
ham,"I will be late by 10 minutes, traffic is heavy."
ham,Meeting moved to conference room at 6:30 pm.
spam,Exclusive deal! Buy 1 get 3 free only today. Tap claim-bonus-now.com. Offer valid today only.
ham,Your appointment is confirmed for Friday at 8:00 am.
ham,"Hey Amit, are we still meeting at 9:30 am near the office gate?"
spam,"Final notice! Claim your uncollected reward of Rs 75,000 by texting CLAIM to 80808. Offer valid today only."
spam,Free entry in weekly contest to win smart watch. Send YES to 80808 today.
spam,"You have won a gift card worth Rs 1,00,000. Reply GIFT to 80808."
ham,"Hey Vikram, are we still meeting at 5:00 pm near the campus? Please confirm."
ham,I reached home safely. Call me when you are free. Please confirm.
ham,Thanks for your help with the project work. Please confirm.
spam,Hot singles near you are waiting. Visit bit.ly/claim-now now.
spam,URGENT! Your mobile number won a lucky draw for bike. Reply CLAIM to 90909. Offer valid today only.
spam,URGENT! Your mobile number won a lucky draw for phone. Reply CLAIM to 54545. Offer valid today only.
spam,Selected customer alert: get premium membership free. Confirm at tinyurl.com/rewardfast.
ham,Your appointment is confirmed for Wednesday at 7:15 pm.
ham,Please transfer Rs 1200 to my UPI when you can.
spam,"You have won a gift card worth Rs 75,000. Reply GIFT to 54545. Offer valid today only."
ham,Mom asked if you can come home early today.
spam,Limited offer: get loan approved instantly. Click tinyurl.com/rewardfast to apply.
spam,Selected customer alert: get premium membership free. Confirm at bit.ly/claim-now. Offer valid today only.
ham,Let us have lunch at the bus stop tomorrow.
spam,"You have won a gift card worth Rs 75,000. Reply GIFT to 54545."
spam,Limited offer: get loan approved instantly. Click reward-center.net to apply. Offer valid today only.
spam,Exclusive deal! Buy 1 get 3 free only today. Tap reward-center.net. Offer valid today only.
spam,Congratulations! You are chosen for a free vacation. Call now on 54545. Offer valid today only.
ham,"I left your book at the main road, collect it when possible."
ham,Please pick up milk and bread on your way back.
spam,Selected customer alert: get premium membership free. Confirm at tinyurl.com/rewardfast. Offer valid today only.
spam,"Final notice! Claim your uncollected reward of Rs 75,000 by texting CLAIM to 12121. Offer valid today only."
ham,Please transfer Rs 650 to my UPI when you can.
spam,"Airtel promo: You won Rs 75,000 recharge coupon. Redeem at bit.ly/claim-now."
ham,Can you send me the notes for chemistry before Tuesday? Please confirm.
spam,Your account is suspended. Verify details at reward-center.net immediately. Offer valid today only.
ham,Thanks for your help with the project work.
ham,I reached home safely. Call me when you are free. Please confirm.
ham,"Hey Amit, are we still meeting at 9:30 am near the main road?"
spam,Your account is suspended. Verify details at claim-bonus-now.com immediately. Offer valid today only.
ham,Meeting moved to conference room at 8:00 am.
spam,Exclusive deal! Buy 1 get 3 free only today. Tap reward-center.net. Offer valid today only.
spam,Free entry in weekly contest to win bike. Send YES to 12121 today.
spam,Hot singles near you are waiting. Visit tinyurl.com/rewardfast now.
spam,Limited offer: get loan approved instantly. Click bit.ly/claim-now to apply.
ham,"I left your book at the canteen, collect it when possible."
spam,Earn Rs 5000 daily from home. Register at reward-center.net.
ham,Please pick up milk and bread on your way back.
ham,Dinner plan tonight at 6:30 pm?
spam,Congratulations! You are chosen for a free vacation. Call now on 80808.
ham,"I will be late by 10 minutes, traffic is heavy."
spam,Congratulations! You are chosen for a free vacation. Call now on 54545.
ham,Please transfer Rs 650 to my UPI when you can.
spam,"Dear user, your KYC failed. Update immediately on reward-center.net. Offer valid today only."
spam,URGENT! Your mobile number won a lucky draw for phone. Reply CLAIM to 54545.
ham,Can we reschedule to Wednesday 7:15 pm?
spam,Earn Rs 5000 daily from home. Register at claim-bonus-now.com.
ham,The class starts at 9:30 am; do not be late.
spam,Your account is suspended. Verify details at bit.ly/claim-now immediately.
spam,"Dear user, your KYC failed. Update immediately on bit.ly/claim-now. Offer valid today only."
ham,Mom asked if you can come home early today.
spam,Your account is suspended. Verify details at tinyurl.com/rewardfast immediately.
spam,Free entry in weekly contest to win phone. Send YES to 80808 today. Offer valid today only.
ham,Meeting moved to conference room at 9:30 am.
ham,The class starts at 8:00 am; do not be late.
spam,Exclusive deal! Buy 1 get 3 free only today. Tap reward-center.net.
ham,Please transfer Rs 650 to my UPI when you can.
spam,"You have won a gift card worth Rs 10,000. Reply GIFT to 54545. Offer valid today only."
ham,Can you send me the notes for project before Friday?
ham,Please pick up milk and bread on your way back. Please confirm.
ham,"Hey Amit, are we still meeting at 5:00 pm near the office gate?"
ham,"Hey Maya, are we still meeting at 6:30 pm near the campus?"
ham,"I left your book at the main road, collect it when possible."
ham,Please transfer Rs 1200 to my UPI when you can.
ham,Mom asked if you can come home early today.
spam,URGENT! Your mobile number won a lucky draw for smart watch. Reply CLAIM to 87121.
ham,Please transfer Rs 1200 to my UPI when you can.
ham,Can you send me the notes for project before Tuesday? Please confirm.
spam,"You have won a gift card worth Rs 1,00,000. Reply GIFT to 54545."
ham,Can we reschedule to Wednesday 8:00 am?
spam,"BSNL promo: You won Rs 75,000 recharge coupon. Redeem at claim-bonus-now.com."
spam,URGENT! Your mobile number won a lucky draw for headphones. Reply CLAIM to 87121.
ham,"I left your book at the park, collect it when possible. Please confirm."
ham,The class starts at 7:15 pm; do not be late. Please confirm.
ham,Thanks for your help with the assignment work.
ham,Can you send me the notes for chemistry before Friday? Please confirm.
spam,URGENT! Your mobile number won a lucky draw for voucher. Reply CLAIM to 90909.
ham,Thanks for your help with the lab work work.
spam,Hot singles near you are waiting. Visit reward-center.net now.
spam,Free entry in weekly contest to win laptop. Send YES to 80808 today.
spam,Free entry in weekly contest to win phone. Send YES to 87121 today.
spam,"You have won a gift card worth Rs 25,000. Reply GIFT to 54545. Offer valid today only."
ham,Can we reschedule to Wednesday 11:00 am?
spam,Earn Rs 5000 daily from home. Register at claim-bonus-now.com.
ham,Thanks for your help with the lab work work. Please confirm.
spam,URGENT! Your mobile number won a lucky draw for voucher. Reply CLAIM to 90909.
spam,Selected customer alert: get premium membership free. Confirm at bit.ly/claim-now.
ham,Your appointment is confirmed for Saturday at 6:30 pm.
spam,Act now! Last 2 hours to claim your jackpot prize at reward-center.net.
ham,Can we reschedule to Saturday 11:00 am?
spam,"WINNER! You have been selected to receive Rs 25,000 cash prize. Text WIN to 56060 now."
ham,The class starts at 6:30 pm; do not be late. Please confirm.
spam,"WINNER! You have been selected to receive Rs 50,000 cash prize. Text WIN to 56060 now."
spam,Selected customer alert: get premium membership free. Confirm at claim-bonus-now.com.
spam,Free entry in weekly contest to win phone. Send YES to 56060 today.
ham,Please transfer Rs 1200 to my UPI when you can. Please confirm.
spam,Limited offer: get loan approved instantly. Click bit.ly/claim-now to apply.
ham,Mom asked if you can come home early today.
ham,Let us have lunch at the park tomorrow.
spam,Limited offer: get loan approved instantly. Click tinyurl.com/rewardfast to apply. Offer valid today only.
spam,URGENT! Your mobile number won a lucky draw for bike. Reply CLAIM to 80808.
ham,"Hey Riya, are we still meeting at 5:00 pm near the park?"
spam,"Dear user, your KYC failed. Update immediately on claim-bonus-now.com."
ham,Thanks for your help with the physics work. Please confirm.
spam,Free entry in weekly contest to win laptop. Send YES to 54545 today. Offer valid today only.
ham,"Hey Sara, are we still meeting at 5:00 pm near the campus? Please confirm."
ham,Can we reschedule to Friday 11:00 am?
spam,Congratulations! You are chosen for a free vacation. Call now on 54545.
spam,Limited offer: get loan approved instantly. Click tinyurl.com/rewardfast to apply. Offer valid today only.
ham,Can we reschedule to Friday 7:15 pm?
ham,"Hey Rahul, are we still meeting at 11:00 am near the station? Please confirm."
ham,"Hey Anita, are we still meeting at 11:00 am near the main road? Please confirm."
spam,"Dear user, your KYC failed. Update immediately on claim-bonus-now.com."
ham,Let us have lunch at the canteen tomorrow.
spam,Earn Rs 5000 daily from home. Register at reward-center.net.
spam,"Jio promo: You won Rs 10,000 recharge coupon. Redeem at tinyurl.com/rewardfast."
ham,Can we reschedule to Monday 5:00 pm?
ham,Dinner plan tonight at 8:00 am?
spam,Hot singles near you are waiting. Visit reward-center.net now. Offer valid today only.
ham,Please pick up milk and bread on your way back.
ham,Can you send me the notes for chemistry before Tuesday?
spam,Congratulations! You are chosen for a free vacation. Call now on 90909. Offer valid today only.
spam,Act now! Last 2 hours to claim your jackpot prize at claim-bonus-now.com. Offer valid today only.
spam,Selected customer alert: get premium membership free. Confirm at claim-bonus-now.com. Offer valid today only.
ham,I reached home safely. Call me when you are free.
ham,Can we reschedule to Saturday 6:30 pm?
spam,Free entry in weekly contest to win laptop. Send YES to 56060 today.
ham,Please pick up milk and bread on your way back. Please confirm.
spam,Act now! Last 2 hours to claim your jackpot prize at bit.ly/claim-now.
ham,Dinner plan tonight at 11:00 am?
ham,Please pick up milk and bread on your way back.
ham,Can we reschedule to Monday 5:00 pm?
ham,Can we reschedule to Saturday 7:15 pm?
spam,"Final notice! Claim your uncollected reward of Rs 25,000 by texting CLAIM to 56060. Offer valid today only."
spam,Earn Rs 5000 daily from home. Register at tinyurl.com/rewardfast. Offer valid today only.
spam,URGENT! Your mobile number won a lucky draw for phone. Reply CLAIM to 87121.
ham,Please transfer Rs 1200 to my UPI when you can.
spam,Selected customer alert: get premium membership free. Confirm at tinyurl.com/rewardfast. Offer valid today only.
ham,Dinner plan tonight at 8:00 am? Please confirm.
spam,Free entry in weekly contest to win bike. Send YES to 54545 today. Offer valid today only.
spam,"Dear user, your KYC failed. Update immediately on reward-center.net."
ham,Please pick up milk and bread on your way back.
spam,Exclusive deal! Buy 1 get 3 free only today. Tap tinyurl.com/rewardfast. Offer valid today only.
spam,Free entry in weekly contest to win phone. Send YES to 80808 today.
ham,Your appointment is confirmed for Saturday at 5:00 pm. Please confirm.
spam,"Dear user, your KYC failed. Update immediately on reward-center.net. Offer valid today only."
spam,Selected customer alert: get premium membership free. Confirm at reward-center.net.
spam,"Vi promo: You won Rs 10,000 recharge coupon. Redeem at tinyurl.com/rewardfast."
ham,Can you send me the notes for presentation before Thursday?
spam,"BSNL promo: You won Rs 1,00,000 recharge coupon. Redeem at bit.ly/claim-now."
spam,Earn Rs 5000 daily from home. Register at tinyurl.com/rewardfast. Offer valid today only.
ham,Let us have lunch at the station tomorrow. Please confirm.
ham,"I left your book at the station, collect it when possible. Please confirm."
spam,Hot singles near you are waiting. Visit bit.ly/claim-now now.
spam,Selected customer alert: get premium membership free. Confirm at reward-center.net. Offer valid today only.
spam,Limited offer: get loan approved instantly. Click bit.ly/claim-now to apply. Offer valid today only.
ham,Your appointment is confirmed for Saturday at 7:15 pm. Please confirm.
spam,"Dear user, your KYC failed. Update immediately on claim-bonus-now.com."
spam,Hot singles near you are waiting. Visit bit.ly/claim-now now.
spam,Exclusive deal! Buy 1 get 3 free only today. Tap bit.ly/claim-now.
spam,Your account is suspended. Verify details at tinyurl.com/rewardfast immediately. Offer valid today only.
ham,Let us have lunch at the bus stop tomorrow. Please confirm.
ham,Thanks for your help with the project work.
ham,I reached home safely. Call me when you are free.
ham,"I will be late by 10 minutes, traffic is heavy."
ham,Mom asked if you can come home early today.
spam,Congratulations! You are chosen for a free vacation. Call now on 87121. Offer valid today only.
ham,Your appointment is confirmed for Thursday at 6:30 pm.
ham,Thanks for your help with the lab work work.
spam,Limited offer: get loan approved instantly. Click tinyurl.com/rewardfast to apply. Offer valid today only.
ham,I reached home safely. Call me when you are free.
spam,Limited offer: get loan approved instantly. Click bit.ly/claim-now to apply. Offer valid today only.
spam,Earn Rs 5000 daily from home. Register at claim-bonus-now.com.
spam,Free entry in weekly contest to win phone. Send YES to 90909 today. Offer valid today only.
spam,"WINNER! You have been selected to receive Rs 75,000 cash prize. Text WIN to 80808 now."
ham,Dinner plan tonight at 9:30 am?
spam,"Final notice! Claim your uncollected reward of Rs 10,000 by texting CLAIM to 80808. Offer valid today only."
spam,Exclusive deal! Buy 1 get 3 free only today. Tap reward-center.net.
ham,Please transfer Rs 250 to my UPI when you can.
spam,Selected customer alert: get premium membership free. Confirm at reward-center.net.
ham,"Hey Vikram, are we still meeting at 9:30 am near the campus? Please confirm."
spam,Your account is suspended. Verify details at tinyurl.com/rewardfast immediately.
spam,Your account is suspended. Verify details at bit.ly/claim-now immediately. Offer valid today only.
spam,"WINNER! You have been selected to receive Rs 50,000 cash prize. Text WIN to 12121 now."
spam,Selected customer alert: get premium membership free. Confirm at reward-center.net.
spam,Exclusive deal! Buy 1 get 3 free only today. Tap bit.ly/claim-now.
ham,The class starts at 7:15 pm; do not be late. Please confirm.
ham,Can we reschedule to Friday 9:30 am?
spam,Exclusive deal! Buy 1 get 3 free only today. Tap reward-center.net.
spam,Hot singles near you are waiting. Visit tinyurl.com/rewardfast now.
ham,Thanks for your help with the math work.
spam,Exclusive deal! Buy 1 get 3 free only today. Tap tinyurl.com/rewardfast. Offer valid today only.
ham,Mom asked if you can come home early today.
ham,Dinner plan tonight at 5:00 pm? Please confirm.
spam,"Dear user, your KYC failed. Update immediately on bit.ly/claim-now."
spam,Hot singles near you are waiting. Visit bit.ly/claim-now now.
ham,Let us have lunch at the park tomorrow.
ham,Meeting moved to conference room at 7:15 pm. Please confirm.
spam,"BSNL promo: You won Rs 10,000 recharge coupon. Redeem at claim-bonus-now.com."
spam,Limited offer: get loan approved instantly. Click claim-bonus-now.com to apply.
spam,Your account is suspended. Verify details at tinyurl.com/rewardfast immediately. Offer valid today only.
ham,Your appointment is confirmed for Wednesday at 5:00 pm.
ham,Your appointment is confirmed for Saturday at 11:00 am.
spam,Hot singles near you are waiting. Visit bit.ly/claim-now now.
ham,Let us have lunch at the mall tomorrow.
spam,Free entry in weekly contest to win headphones. Send YES to 90909 today. Offer valid today only.
spam,URGENT! Your mobile number won a lucky draw for bike. Reply CLAIM to 80808.
ham,I reached home safely. Call me when you are free. Please confirm.
spam,URGENT! Your mobile number won a lucky draw for smart watch. Reply CLAIM to 54545.
ham,Mom asked if you can come home early today.
ham,Please pick up milk and bread on your way back.
spam,"Vi promo: You won Rs 25,000 recharge coupon. Redeem at claim-bonus-now.com."
spam,Your account is suspended. Verify details at bit.ly/claim-now immediately.
ham,Can we reschedule to Monday 8:00 am? Please confirm.
ham,Can you send me the notes for assignment before Thursday?
ham,Please pick up milk and bread on your way back. Please confirm.
ham,Can you send me the notes for project before Thursday? Please confirm.
ham,Can we reschedule to Tuesday 5:00 pm?
ham,Meeting moved to conference room at 9:30 am.
ham,Can you send me the notes for project before Thursday? Please confirm.
ham,"I will be late by 10 minutes, traffic is heavy. Please confirm."
spam,"Dear user, your KYC failed. Update immediately on reward-center.net. Offer valid today only."
ham,"Hey Amit, are we still meeting at 9:30 am near the bus stop?"
ham,Mom asked if you can come home early today. Please confirm.
spam,Earn Rs 5000 daily from home. Register at tinyurl.com/rewardfast.
spam,"Jio promo: You won Rs 75,000 recharge coupon. Redeem at tinyurl.com/rewardfast."
spam,"Final notice! Claim your uncollected reward of Rs 10,000 by texting CLAIM to 56060. Offer valid today only."
spam,Your account is suspended. Verify details at reward-center.net immediately. Offer valid today only.
spam,Earn Rs 5000 daily from home. Register at reward-center.net. Offer valid today only.
ham,"I left your book at the campus, collect it when possible."
spam,URGENT! Your mobile number won a lucky draw for laptop. Reply CLAIM to 87121.
ham,"Hey Vikram, are we still meeting at 6:30 pm near the canteen? Please confirm."
ham,"Hey Arjun, are we still meeting at 7:15 pm near the mall?"
ham,I reached home safely. Call me when you are free.
ham,I reached home safely. Call me when you are free.
spam,"Dear user, your KYC failed. Update immediately on bit.ly/claim-now. Offer valid today only."
ham,"I left your book at the mall, collect it when possible."
spam,"Airtel promo: You won Rs 10,000 recharge coupon. Redeem at bit.ly/claim-now."
ham,Can we reschedule to Saturday 5:00 pm? Please confirm.
ham,I reached home safely. Call me when you are free. Please confirm.
ham,"I will be late by 10 minutes, traffic is heavy."
spam,Your account is suspended. Verify details at bit.ly/claim-now immediately.
ham,Can you send me the notes for chemistry before Wednesday? Please confirm.
spam,Act now! Last 2 hours to claim your jackpot prize at bit.ly/claim-now. Offer valid today only.
ham,"I left your book at the canteen, collect it when possible."
spam,Congratulations! You are chosen for a free vacation. Call now on 80808. Offer valid today only.
ham,Please transfer Rs 400 to my UPI when you can.
spam,URGENT! Your mobile number won a lucky draw for voucher. Reply CLAIM to 80808.
ham,The class starts at 8:00 am; do not be late. Please confirm.
ham,I reached home safely. Call me when you are free. Please confirm.
ham,"Hey John, are we still meeting at 6:30 pm near the library? Please confirm."
spam,"Vi promo: You won Rs 25,000 recharge coupon. Redeem at bit.ly/claim-now."
ham,Let us have lunch at the park tomorrow.
ham,Meeting moved to conference room at 7:15 pm.
spam,Free entry in weekly contest to win bike. Send YES to 80808 today.
spam,Free entry in weekly contest to win smart watch. Send YES to 87121 today.
ham,Dinner plan tonight at 6:30 pm?
spam,Hot singles near you are waiting. Visit bit.ly/claim-now now.
spam,Act now! Last 2 hours to claim your jackpot prize at tinyurl.com/rewardfast. Offer valid today only.
ham,Can you send me the notes for math before Thursday? Please confirm.
ham,"Hey Arjun, are we still meeting at 11:00 am near the canteen?"
spam,"WINNER! You have been selected to receive Rs 10,000 cash prize. Text WIN to 87121 now."
spam,"WINNER! You have been selected to receive Rs 75,000 cash prize. Text WIN to 54545 now. Offer valid today only."
ham,"Hey Neha, are we still meeting at 11:00 am near the canteen? Please confirm."
spam,Hot singles near you are waiting. Visit tinyurl.com/rewardfast now.
ham,Can you send me the notes for chemistry before Thursday?
ham,Dinner plan tonight at 11:00 am? Please confirm.
ham,The class starts at 8:00 am; do not be late.
spam,Your account is suspended. Verify details at claim-bonus-now.com immediately. Offer valid today only.
spam,Your account is suspended. Verify details at reward-center.net immediately. Offer valid today only.
spam,Limited offer: get loan approved instantly. Click reward-center.net to apply.
spam,URGENT! Your mobile number won a lucky draw for bike. Reply CLAIM to 90909. Offer valid today only.
ham,Meeting moved to conference room at 6:30 pm. Please confirm.
ham,Can we reschedule to Friday 7:15 pm?
spam,Act now! Last 2 hours to claim your jackpot prize at tinyurl.com/rewardfast.
ham,Can we reschedule to Wednesday 8:00 am?
ham,I reached home safely. Call me when you are free. Please confirm.
ham,Please pick up milk and bread on your way back. Please confirm.
spam,Act now! Last 2 hours to claim your jackpot prize at tinyurl.com/rewardfast. Offer valid today only.
ham,"I will be late by 10 minutes, traffic is heavy."
ham,Thanks for your help with the report work.
spam,"WINNER! You have been selected to receive Rs 75,000 cash prize. Text WIN to 80808 now. Offer valid today only."
spam,Hot singles near you are waiting. Visit tinyurl.com/rewardfast now. Offer valid today only.
ham,Please transfer Rs 400 to my UPI when you can.
spam,Act now! Last 2 hours to claim your jackpot prize at reward-center.net. Offer valid today only.
ham,Dinner plan tonight at 7:15 pm?
ham,I reached home safely. Call me when you are free. Please confirm.
spam,URGENT! Your mobile number won a lucky draw for voucher. Reply CLAIM to 90909.
spam,Hot singles near you are waiting. Visit tinyurl.com/rewardfast now.
ham,I reached home safely. Call me when you are free.
ham,Please transfer Rs 400 to my UPI when you can. Please confirm.
spam,Earn Rs 5000 daily from home. Register at reward-center.net.
ham,Meeting moved to conference room at 8:00 am.
spam,Act now! Last 2 hours to claim your jackpot prize at tinyurl.com/rewardfast.
ham,"I will be late by 10 minutes, traffic is heavy."
spam,"Jio promo: You won Rs 75,000 recharge coupon. Redeem at reward-center.net."
spam,Act now! Last 2 hours to claim your jackpot prize at tinyurl.com/rewardfast. Offer valid today only.
spam,Act now! Last 2 hours to claim your jackpot prize at reward-center.net.
spam,Congratulations! You are chosen for a free vacation. Call now on 90909. Offer valid today only.
ham,"I will be late by 10 minutes, traffic is heavy."
spam,Exclusive deal! Buy 1 get 3 free only today. Tap bit.ly/claim-now.
ham,"I left your book at the bus stop, collect it when possible."
spam,"Dear user, your KYC failed. Update immediately on reward-center.net."
spam,Free entry in weekly contest to win headphones. Send YES to 90909 today. Offer valid today only.
spam,Free entry in weekly contest to win voucher. Send YES to 56060 today. Offer valid today only.
ham,"I will be late by 10 minutes, traffic is heavy. Please confirm."
ham,Can we reschedule to Thursday 7:15 pm?
spam,Your account is suspended. Verify details at claim-bonus-now.com immediately. Offer valid today only.
spam,Selected customer alert: get premium membership free. Confirm at claim-bonus-now.com.
spam,Earn Rs 5000 daily from home. Register at bit.ly/claim-now. Offer valid today only.
ham,"I will be late by 10 minutes, traffic is heavy."
ham,Your appointment is confirmed for Thursday at 8:00 am. Please confirm.
spam,Act now! Last 2 hours to claim your jackpot prize at reward-center.net.
ham,Mom asked if you can come home early today.
spam,"You have won a gift card worth Rs 50,000. Reply GIFT to 87121."
spam,URGENT! Your mobile number won a lucky draw for voucher. Reply CLAIM to 56060.
ham,Meeting moved to conference room at 8:00 am. Please confirm.
spam,"Dear user, your KYC failed. Update immediately on claim-bonus-now.com."
ham,I reached home safely. Call me when you are free. Please confirm.
spam,"Dear user, your KYC failed. Update immediately on claim-bonus-now.com."
ham,Please transfer Rs 1200 to my UPI when you can.
spam,Limited offer: get loan approved instantly. Click bit.ly/claim-now to apply. Offer valid today only.
spam,"WINNER! You have been selected to receive Rs 50,000 cash prize. Text WIN to 90909 now. Offer valid today only."
ham,Let us have lunch at the office gate tomorrow.
spam,"Dear user, your KYC failed. Update immediately on reward-center.net."
ham,Can you send me the notes for report before Tuesday? Please confirm.
ham,The class starts at 11:00 am; do not be late.
ham,The class starts at 6:30 pm; do not be late. Please confirm.
ham,Thanks for your help with the physics work.
ham,Can we reschedule to Saturday 6:30 pm? Please confirm.
ham,Your appointment is confirmed for Wednesday at 6:30 pm.
spam,Exclusive deal! Buy 1 get 3 free only today. Tap tinyurl.com/rewardfast.
spam,Earn Rs 5000 daily from home. Register at reward-center.net. Offer valid today only.
spam,URGENT! Your mobile number won a lucky draw for bike. Reply CLAIM to 80808.
ham,"I left your book at the library, collect it when possible."
spam,"WINNER! You have been selected to receive Rs 1,00,000 cash prize. Text WIN to 12121 now. Offer valid today only."
ham,Can we reschedule to Thursday 8:00 am? Please confirm.
spam,"Dear user, your KYC failed. Update immediately on tinyurl.com/rewardfast. Offer valid today only."
spam,Limited offer: get loan approved instantly. Click bit.ly/claim-now to apply.
spam,Congratulations! You are chosen for a free vacation. Call now on 90909.
spam,"WINNER! You have been selected to receive Rs 75,000 cash prize. Text WIN to 54545 now. Offer valid today only."
ham,Please pick up milk and bread on your way back.
spam,"Dear user, your KYC failed. Update immediately on bit.ly/claim-now."
ham,"I left your book at the mall, collect it when possible. Please confirm."
ham,Can we reschedule to Tuesday 8:00 am?
spam,Earn Rs 5000 daily from home. Register at bit.ly/claim-now.
ham,Your appointment is confirmed for Thursday at 9:30 am. Please confirm.
ham,Let us have lunch at the mall tomorrow.
spam,"You have won a gift card worth Rs 10,000. Reply GIFT to 90909."
spam,"You have won a gift card worth Rs 25,000. Reply GIFT to 90909."
ham,Thanks for your help with the lab work work.
spam,Hot singles near you are waiting. Visit bit.ly/claim-now now.
spam,Selected customer alert: get premium membership free. Confirm at tinyurl.com/rewardfast. Offer valid today only.
ham,Thanks for your help with the chemistry work.
spam,Act now! Last 2 hours to claim your jackpot prize at claim-bonus-now.com.
ham,Can we reschedule to Saturday 9:30 am? Please confirm.
spam,Exclusive deal! Buy 1 get 3 free only today. Tap reward-center.net.
ham,The class starts at 11:00 am; do not be late.
spam,"You have won a gift card worth Rs 50,000. Reply GIFT to 90909. Offer valid today only."
spam,"You have won a gift card worth Rs 10,000. Reply GIFT to 87121."
ham,Please transfer Rs 650 to my UPI when you can. Please confirm.
ham,Can we reschedule to Friday 9:30 am?
spam,"Dear user, your KYC failed. Update immediately on bit.ly/claim-now."
spam,Exclusive deal! Buy 1 get 3 free only today. Tap bit.ly/claim-now.
ham,"I will be late by 10 minutes, traffic is heavy. Please confirm."
spam,Selected customer alert: get premium membership free. Confirm at reward-center.net.
ham,Meeting moved to conference room at 5:00 pm.
ham,"Hey John, are we still meeting at 6:30 pm near the main road?"
spam,"Dear user, your KYC failed. Update immediately on claim-bonus-now.com."
ham,"Hey Sara, are we still meeting at 11:00 am near the mall? Please confirm."
spam,Exclusive deal! Buy 1 get 3 free only today. Tap bit.ly/claim-now. Offer valid today only.
spam,Congratulations! You are chosen for a free vacation. Call now on 87121.
ham,Please pick up milk and bread on your way back. Please confirm.
ham,Please transfer Rs 900 to my UPI when you can. Please confirm.
spam,Act now! Last 2 hours to claim your jackpot prize at tinyurl.com/rewardfast. Offer valid today only.
ham,Thanks for your help with the presentation work.
spam,Earn Rs 5000 daily from home. Register at reward-center.net.
spam,Act now! Last 2 hours to claim your jackpot prize at tinyurl.com/rewardfast. Offer valid today only.
spam,Limited offer: get loan approved instantly. Click reward-center.net to apply. Offer valid today only.
spam,"Airtel promo: You won Rs 1,00,000 recharge coupon. Redeem at bit.ly/claim-now. Offer valid today only."
spam,Act now! Last 2 hours to claim your jackpot prize at bit.ly/claim-now. Offer valid today only.
ham,"Hey Arjun, are we still meeting at 5:00 pm near the bus stop?"
spam,Limited offer: get loan approved instantly. Click tinyurl.com/rewardfast to apply.
ham,"Hey Rahul, are we still meeting at 8:00 am near the main road? Please confirm."
spam,"Final notice! Claim your uncollected reward of Rs 75,000 by texting CLAIM to 54545."
ham,Please transfer Rs 900 to my UPI when you can.
ham,I reached home safely. Call me when you are free.
spam,Limited offer: get loan approved instantly. Click tinyurl.com/rewardfast to apply.
spam,Act now! Last 2 hours to claim your jackpot prize at bit.ly/claim-now.
spam,"WINNER! You have been selected to receive Rs 50,000 cash prize. Text WIN to 87121 now. Offer valid today only."
ham,Meeting moved to conference room at 5:00 pm.
ham,I reached home safely. Call me when you are free.
spam,Limited offer: get loan approved instantly. Click reward-center.net to apply.
ham,Can we reschedule to Thursday 11:00 am?
ham,Your appointment is confirmed for Thursday at 8:00 am. Please confirm.
spam,"Final notice! Claim your uncollected reward of Rs 10,000 by texting CLAIM to 12121."
ham,Can we reschedule to Monday 5:00 pm? Please confirm.
spam,"You have won a gift card worth Rs 10,000. Reply GIFT to 12121. Offer valid today only."
ham,Thanks for your help with the chemistry work. Please confirm.
ham,Dinner plan tonight at 11:00 am? Please confirm.
spam,Congratulations! You are chosen for a free vacation. Call now on 87121. Offer valid today only.
spam,Exclusive deal! Buy 1 get 3 free only today. Tap reward-center.net.
spam,"WINNER! You have been selected to receive Rs 75,000 cash prize. Text WIN to 80808 now."
spam,Exclusive deal! Buy 1 get 3 free only today. Tap claim-bonus-now.com. Offer valid today only.
ham,The class starts at 9:30 am; do not be late.
spam,URGENT! Your mobile number won a lucky draw for bike. Reply CLAIM to 56060.
spam,Hot singles near you are waiting. Visit reward-center.net now.
ham,"I will be late by 10 minutes, traffic is heavy."
spam,Free entry in weekly contest to win smart watch. Send YES to 12121 today.
spam,Your account is suspended. Verify details at bit.ly/claim-now immediately. Offer valid today only.
ham,Your appointment is confirmed for Saturday at 6:30 pm. Please confirm.
ham,Can we reschedule to Thursday 9:30 am? Please confirm.
ham,Let us have lunch at the park tomorrow. Please confirm.
spam,Your account is suspended. Verify details at bit.ly/claim-now immediately. Offer valid today only.
spam,Selected customer alert: get premium membership free. Confirm at claim-bonus-now.com.
ham,I reached home safely. Call me when you are free.
spam,"Dear user, your KYC failed. Update immediately on tinyurl.com/rewardfast."
ham,Dinner plan tonight at 8:00 am?
ham,Let us have lunch at the canteen tomorrow. Please confirm.
spam,"Jio promo: You won Rs 10,000 recharge coupon. Redeem at reward-center.net. Offer valid today only."
spam,Selected customer alert: get premium membership free. Confirm at reward-center.net.
ham,Can we reschedule to Monday 8:00 am?
spam,Limited offer: get loan approved instantly. Click reward-center.net to apply.
ham,Can we reschedule to Saturday 9:30 am?
ham,Can we reschedule to Tuesday 5:00 pm?
ham,"Hey Riya, are we still meeting at 5:00 pm near the park?"
spam,"WINNER! You have been selected to receive Rs 1,00,000 cash prize. Text WIN to 87121 now."
ham,Can you send me the notes for report before Thursday?
spam,"You have won a gift card worth Rs 1,00,000. Reply GIFT to 90909."
spam,"WINNER! You have been selected to receive Rs 25,000 cash prize. Text WIN to 90909 now. Offer valid today only."
ham,I reached home safely. Call me when you are free.
spam,"BSNL promo: You won Rs 50,000 recharge coupon. Redeem at claim-bonus-now.com."
ham,Thanks for your help with the assignment work.
ham,The class starts at 9:30 am; do not be late.
ham,"Hey Arjun, are we still meeting at 5:00 pm near the office gate?"
ham,Your appointment is confirmed for Saturday at 9:30 am. Please confirm.
ham,Dinner plan tonight at 7:15 pm? Please confirm.
ham,"I will be late by 10 minutes, traffic is heavy. Please confirm."
ham,"I will be late by 10 minutes, traffic is heavy."
ham,"I left your book at the station, collect it when possible."
ham,Let us have lunch at the park tomorrow.
spam,Selected customer alert: get premium membership free. Confirm at bit.ly/claim-now.
spam,Act now! Last 2 hours to claim your jackpot prize at bit.ly/claim-now.
ham,"I will be late by 10 minutes, traffic is heavy. Please confirm."
ham,Your appointment is confirmed for Thursday at 7:15 pm.
spam,Act now! Last 2 hours to claim your jackpot prize at claim-bonus-now.com.
ham,Dinner plan tonight at 11:00 am?
ham,I reached home safely. Call me when you are free. Please confirm.
ham,Mom asked if you can come home early today.
spam,"Final notice! Claim your uncollected reward of Rs 25,000 by texting CLAIM to 56060."
ham,Can we reschedule to Tuesday 5:00 pm?
spam,Hot singles near you are waiting. Visit bit.ly/claim-now now. Offer valid today only.
ham,Your appointment is confirmed for Tuesday at 11:00 am.
spam,Earn Rs 5000 daily from home. Register at claim-bonus-now.com.
ham,"Hey Amit, are we still meeting at 7:15 pm near the office gate?"
spam,Your account is suspended. Verify details at tinyurl.com/rewardfast immediately.
ham,Thanks for your help with the report work. Please confirm.
spam,"WINNER! You have been selected to receive Rs 75,000 cash prize. Text WIN to 54545 now."
ham,Thanks for your help with the physics work. Please confirm.
spam,"BSNL promo: You won Rs 75,000 recharge coupon. Redeem at claim-bonus-now.com."
ham,"I left your book at the bus stop, collect it when possible. Please confirm."
spam,"WINNER! You have been selected to receive Rs 75,000 cash prize. Text WIN to 12121 now."
spam,Congratulations! You are chosen for a free vacation. Call now on 12121. Offer valid today only.
ham,Can you send me the notes for math before Monday?
ham,Can we reschedule to Thursday 5:00 pm?
spam,Selected customer alert: get premium membership free. Confirm at bit.ly/claim-now.
spam,"You have won a gift card worth Rs 1,00,000. Reply GIFT to 12121."
spam,URGENT! Your mobile number won a lucky draw for smart watch. Reply CLAIM to 56060. Offer valid today only.
spam,Selected customer alert: get premium membership free. Confirm at claim-bonus-now.com.
ham,Thanks for your help with the lab work work. Please confirm.
spam,"You have won a gift card worth Rs 50,000. Reply GIFT to 56060."
spam,Limited offer: get loan approved instantly. Click claim-bonus-now.com to apply. Offer valid today only.
spam,Hot singles near you are waiting. Visit reward-center.net now.
spam,Free entry in weekly contest to win headphones. Send YES to 56060 today.
spam,Act now! Last 2 hours to claim your jackpot prize at claim-bonus-now.com.
spam,"Jio promo: You won Rs 10,000 recharge coupon. Redeem at claim-bonus-now.com."
spam,Your account is suspended. Verify details at tinyurl.com/rewardfast immediately.
spam,"Dear user, your KYC failed. Update immediately on tinyurl.com/rewardfast."
spam,"Final notice! Claim your uncollected reward of Rs 1,00,000 by texting CLAIM to 80808."
spam,"BSNL promo: You won Rs 75,000 recharge coupon. Redeem at reward-center.net."
spam,Act now! Last 2 hours to claim your jackpot prize at claim-bonus-now.com. Offer valid today only.
ham,Dinner plan tonight at 6:30 pm? Please confirm.
ham,"I will be late by 10 minutes, traffic is heavy."
ham,Please transfer Rs 900 to my UPI when you can. Please confirm.
spam,Free entry in weekly contest to win laptop. Send YES to 90909 today.
ham,"I will be late by 10 minutes, traffic is heavy. Please confirm."
ham,Your appointment is confirmed for Monday at 7:15 pm. Please confirm.
spam,Your account is suspended. Verify details at claim-bonus-now.com immediately.
spam,Congratulations! You are chosen for a free vacation. Call now on 87121.
ham,Dinner plan tonight at 11:00 am?
spam,Your account is suspended. Verify details at reward-center.net immediately.
ham,Meeting moved to conference room at 6:30 pm.
ham,Mom asked if you can come home early today.
spam,Act now! Last 2 hours to claim your jackpot prize at tinyurl.com/rewardfast.
ham,Thanks for your help with the physics work. Please confirm.
spam,Free entry in weekly contest to win smart watch. Send YES to 80808 today.
ham,I reached home safely. Call me when you are free. Please confirm.
ham,"I left your book at the station, collect it when possible."
ham,Please pick up milk and bread on your way back. Please confirm.
spam,Act now! Last 2 hours to claim your jackpot prize at claim-bonus-now.com.
ham,The class starts at 8:00 am; do not be late.
ham,Can we reschedule to Saturday 6:30 pm?
spam,"BSNL promo: You won Rs 50,000 recharge coupon. Redeem at reward-center.net."
ham,Let us have lunch at the canteen tomorrow. Please confirm.
spam,Selected customer alert: get premium membership free. Confirm at tinyurl.com/rewardfast.
spam,Act now! Last 2 hours to claim your jackpot prize at claim-bonus-now.com.
ham,Can we reschedule to Monday 9:30 am?
ham,Thanks for your help with the math work.
ham,"Hey Maya, are we still meeting at 9:30 am near the bus stop?"
ham,Please transfer Rs 400 to my UPI when you can. Please confirm.
ham,"I will be late by 10 minutes, traffic is heavy. Please confirm."
spam,"Final notice! Claim your uncollected reward of Rs 50,000 by texting CLAIM to 54545."
ham,Meeting moved to conference room at 7:15 pm.
ham,Please pick up milk and bread on your way back.
spam,Earn Rs 5000 daily from home. Register at tinyurl.com/rewardfast. Offer valid today only.
spam,Exclusive deal! Buy 1 get 3 free only today. Tap bit.ly/claim-now.
ham,"I will be late by 10 minutes, traffic is heavy. Please confirm."
ham,I reached home safely. Call me when you are free.
spam,"You have won a gift card worth Rs 10,000. Reply GIFT to 54545. Offer valid today only."
spam,Selected customer alert: get premium membership free. Confirm at bit.ly/claim-now. Offer valid today only.
ham,Meeting moved to conference room at 8:00 am.
ham,Thanks for your help with the report work. Please confirm.
spam,"WINNER! You have been selected to receive Rs 75,000 cash prize. Text WIN to 80808 now."
ham,"Hey Arjun, are we still meeting at 8:00 am near the mall? Please confirm."
spam,Act now! Last 2 hours to claim your jackpot prize at reward-center.net. Offer valid today only.
ham,I reached home safely. Call me when you are free. Please confirm.
ham,Please transfer Rs 1200 to my UPI when you can. Please confirm.
spam,"Vi promo: You won Rs 1,00,000 recharge coupon. Redeem at claim-bonus-now.com."
spam,"You have won a gift card worth Rs 50,000. Reply GIFT to 54545. Offer valid today only."
spam,Your account is suspended. Verify details at claim-bonus-now.com immediately.
spam,Act now! Last 2 hours to claim your jackpot prize at reward-center.net. Offer valid today only.
spam,Limited offer: get loan approved instantly. Click claim-bonus-now.com to apply.
ham,Please transfer Rs 900 to my UPI when you can.
spam,Selected customer alert: get premium membership free. Confirm at reward-center.net. Offer valid today only.
ham,Meeting moved to conference room at 5:00 pm.
spam,Your account is suspended. Verify details at reward-center.net immediately.
spam,Free entry in weekly contest to win bike. Send YES to 56060 today. Offer valid today only.
ham,"I left your book at the bus stop, collect it when possible."
spam,Act now! Last 2 hours to claim your jackpot prize at tinyurl.com/rewardfast.
ham,The class starts at 8:00 am; do not be late. Please confirm.
spam,Free entry in weekly contest to win voucher. Send YES to 90909 today. Offer valid today only.
ham,"Hey Priya, are we still meeting at 9:30 am near the station?"
spam,Exclusive deal! Buy 1 get 3 free only today. Tap reward-center.net.
ham,Dinner plan tonight at 8:00 am? Please confirm.
ham,Your appointment is confirmed for Thursday at 8:00 am. Please confirm.
ham,Your appointment is confirmed for Tuesday at 9:30 am. Please confirm.
spam,Congratulations! You are chosen for a free vacation. Call now on 56060.
spam,"WINNER! You have been selected to receive Rs 1,00,000 cash prize. Text WIN to 56060 now."
spam,"Final notice! Claim your uncollected reward of Rs 75,000 by texting CLAIM to 54545."
spam,"You have won a gift card worth Rs 10,000. Reply GIFT to 12121."
spam,"You have won a gift card worth Rs 75,000. Reply GIFT to 56060. Offer valid today only."
spam,Selected customer alert: get premium membership free. Confirm at bit.ly/claim-now.
ham,I reached home safely. Call me when you are free.
ham,Thanks for your help with the assignment work.
spam,Hot singles near you are waiting. Visit bit.ly/claim-now now.
ham,Let us have lunch at the campus tomorrow. Please confirm.
spam,URGENT! Your mobile number won a lucky draw for laptop. Reply CLAIM to 56060.
spam,"Final notice! Claim your uncollected reward of Rs 10,000 by texting CLAIM to 90909."
spam,URGENT! Your mobile number won a lucky draw for headphones. Reply CLAIM to 54545. Offer valid today only.
ham,Can we reschedule to Tuesday 8:00 am?
spam,"You have won a gift card worth Rs 75,000. Reply GIFT to 56060."
spam,Act now! Last 2 hours to claim your jackpot prize at tinyurl.com/rewardfast. Offer valid today only.
spam,Exclusive deal! Buy 1 get 3 free only today. Tap reward-center.net.
spam,Earn Rs 5000 daily from home. Register at tinyurl.com/rewardfast. Offer valid today only.
ham,Your appointment is confirmed for Tuesday at 7:15 pm. Please confirm.
ham,Your appointment is confirmed for Wednesday at 6:30 pm.
spam,Your account is suspended. Verify details at bit.ly/claim-now immediately. Offer valid today only.
ham,"I left your book at the park, collect it when possible."
spam,Your account is suspended. Verify details at tinyurl.com/rewardfast immediately. Offer valid today only.
spam,"WINNER! You have been selected to receive Rs 25,000 cash prize. Text WIN to 12121 now."
spam,Act now! Last 2 hours to claim your jackpot prize at claim-bonus-now.com.
ham,Thanks for your help with the chemistry work.
spam,Exclusive deal! Buy 1 get 3 free only today. Tap claim-bonus-now.com. Offer valid today only.
ham,"I will be late by 10 minutes, traffic is heavy."
ham,"I left your book at the park, collect it when possible."
ham,Let us have lunch at the canteen tomorrow.
ham,Your appointment is confirmed for Saturday at 11:00 am. Please confirm.
ham,"Hey Sara, are we still meeting at 8:00 am near the library?"
spam,Selected customer alert: get premium membership free. Confirm at claim-bonus-now.com.
ham,"I will be late by 10 minutes, traffic is heavy. Please confirm."
ham,Meeting moved to conference room at 6:30 pm. Please confirm.
spam,"Dear user, your KYC failed. Update immediately on tinyurl.com/rewardfast. Offer valid today only."
ham,Can you send me the notes for presentation before Friday?
spam,Your account is suspended. Verify details at claim-bonus-now.com immediately. Offer valid today only.
ham,The class starts at 6:30 pm; do not be late.
ham,Your appointment is confirmed for Monday at 8:00 am. Please confirm.
spam,Your account is suspended. Verify details at bit.ly/claim-now immediately.
spam,Selected customer alert: get premium membership free. Confirm at claim-bonus-now.com. Offer valid today only.
ham,Can you send me the notes for presentation before Friday?
spam,"Final notice! Claim your uncollected reward of Rs 75,000 by texting CLAIM to 90909."
spam,Limited offer: get loan approved instantly. Click bit.ly/claim-now to apply.
ham,Thanks for your help with the lab work work.
ham,"I will be late by 10 minutes, traffic is heavy. Please confirm."
ham,The class starts at 8:00 am; do not be late.
spam,"WINNER! You have been selected to receive Rs 25,000 cash prize. Text WIN to 90909 now."
ham,Meeting moved to conference room at 6:30 pm. Please confirm.
spam,Free entry in weekly contest to win laptop. Send YES to 87121 today. Offer valid today only.
spam,Congratulations! You are chosen for a free vacation. Call now on 90909.
spam,"WINNER! You have been selected to receive Rs 25,000 cash prize. Text WIN to 80808 now."
ham,Thanks for your help with the lab work work. Please confirm.
spam,"BSNL promo: You won Rs 1,00,000 recharge coupon. Redeem at bit.ly/claim-now."
spam,"WINNER! You have been selected to receive Rs 1,00,000 cash prize. Text WIN to 90909 now."
ham,"I will be late by 10 minutes, traffic is heavy. Please confirm."
spam,Free entry in weekly contest to win headphones. Send YES to 87121 today. Offer valid today only.
ham,Please pick up milk and bread on your way back.
ham,Mom asked if you can come home early today.
ham,Please pick up milk and bread on your way back.
ham,"Hey Maya, are we still meeting at 9:30 am near the park?"
spam,"You have won a gift card worth Rs 25,000. Reply GIFT to 54545. Offer valid today only."
ham,Can we reschedule to Saturday 8:00 am? Please confirm.
ham,"Hey Riya, are we still meeting at 9:30 am near the library? Please confirm."
ham,Meeting moved to conference room at 8:00 am.
ham,Can you send me the notes for project before Friday?
spam,Selected customer alert: get premium membership free. Confirm at claim-bonus-now.com.
spam,URGENT! Your mobile number won a lucky draw for voucher. Reply CLAIM to 80808. Offer valid today only.
ham,"Hey Karan, are we still meeting at 8:00 am near the campus? Please confirm."
ham,I reached home safely. Call me when you are free. Please confirm.
ham,Your appointment is confirmed for Monday at 8:00 am. Please confirm.
ham,Mom asked if you can come home early today.
ham,Can we reschedule to Thursday 9:30 am? Please confirm.
ham,"I left your book at the mall, collect it when possible."
ham,"I will be late by 10 minutes, traffic is heavy. Please confirm."
spam,"WINNER! You have been selected to receive Rs 25,000 cash prize. Text WIN to 80808 now. Offer valid today only."
spam,Free entry in weekly contest to win smart watch. Send YES to 80808 today. Offer valid today only.
ham,"Hey Rahul, are we still meeting at 11:00 am near the main road? Please confirm."
spam,"WINNER! You have been selected to receive Rs 75,000 cash prize. Text WIN to 56060 now."
spam,Selected customer alert: get premium membership free. Confirm at bit.ly/claim-now. Offer valid today only.
ham,Can you send me the notes for math before Saturday?
spam,Exclusive deal! Buy 1 get 3 free only today. Tap bit.ly/claim-now.
ham,Thanks for your help with the presentation work.
ham,Can you send me the notes for report before Wednesday? Please confirm.
ham,Mom asked if you can come home early today.
ham,Your appointment is confirmed for Friday at 11:00 am.
spam,"Final notice! Claim your uncollected reward of Rs 75,000 by texting CLAIM to 56060. Offer valid today only."
spam,Your account is suspended. Verify details at claim-bonus-now.com immediately. Offer valid today only.
spam,"WINNER! You have been selected to receive Rs 25,000 cash prize. Text WIN to 80808 now."
spam,Congratulations! You are chosen for a free vacation. Call now on 12121. Offer valid today only.
spam,Earn Rs 5000 daily from home. Register at bit.ly/claim-now.
spam,"You have won a gift card worth Rs 25,000. Reply GIFT to 54545. Offer valid today only."
spam,Selected customer alert: get premium membership free. Confirm at claim-bonus-now.com. Offer valid today only.
spam,"Jio promo: You won Rs 25,000 recharge coupon. Redeem at reward-center.net. Offer valid today only."
spam,"Airtel promo: You won Rs 50,000 recharge coupon. Redeem at bit.ly/claim-now."
spam,Your account is suspended. Verify details at reward-center.net immediately. Offer valid today only.
ham,"I will be late by 10 minutes, traffic is heavy. Please confirm."
spam,Free entry in weekly contest to win voucher. Send YES to 56060 today. Offer valid today only.
spam,Earn Rs 5000 daily from home. Register at claim-bonus-now.com.
ham,Dinner plan tonight at 9:30 am?
spam,"WINNER! You have been selected to receive Rs 25,000 cash prize. Text WIN to 90909 now. Offer valid today only."
spam,Exclusive deal! Buy 1 get 3 free only today. Tap tinyurl.com/rewardfast.
ham,Can we reschedule to Thursday 6:30 pm?
ham,Let us have lunch at the main road tomorrow. Please confirm.
spam,"Jio promo: You won Rs 10,000 recharge coupon. Redeem at tinyurl.com/rewardfast."
spam,Your account is suspended. Verify details at bit.ly/claim-now immediately. Offer valid today only.
ham,Your appointment is confirmed for Monday at 5:00 pm.
spam,Congratulations! You are chosen for a free vacation. Call now on 12121.
ham,"I will be late by 10 minutes, traffic is heavy."
ham,Please transfer Rs 400 to my UPI when you can.
ham,"I will be late by 10 minutes, traffic is heavy."
ham,The class starts at 9:30 am; do not be late.
spam,"You have won a gift card worth Rs 1,00,000. Reply GIFT to 87121."
ham,Can you send me the notes for project before Friday?
ham,"Hey Amit, are we still meeting at 11:00 am near the station? Please confirm."
ham,Mom asked if you can come home early today. Please confirm.
ham,"I will be late by 10 minutes, traffic is heavy."
spam,Congratulations! You are chosen for a free vacation. Call now on 54545.
ham,"Hey Riya, are we still meeting at 8:00 am near the campus?"
spam,Selected customer alert: get premium membership free. Confirm at tinyurl.com/rewardfast. Offer valid today only.
ham,Your appointment is confirmed for Friday at 11:00 am. Please confirm.
ham,Can you send me the notes for report before Friday?
spam,Act now! Last 2 hours to claim your jackpot prize at claim-bonus-now.com.
ham,"I left your book at the library, collect it when possible."
ham,Let us have lunch at the mall tomorrow.
spam,"BSNL promo: You won Rs 75,000 recharge coupon. Redeem at bit.ly/claim-now. Offer valid today only."
spam,Exclusive deal! Buy 1 get 3 free only today. Tap bit.ly/claim-now.
ham,Dinner plan tonight at 8:00 am?
spam,Your account is suspended. Verify details at reward-center.net immediately. Offer valid today only.
ham,Please transfer Rs 900 to my UPI when you can.
ham,"Hey Maya, are we still meeting at 9:30 am near the park?"
spam,"You have won a gift card worth Rs 75,000. Reply GIFT to 90909."
spam,"You have won a gift card worth Rs 10,000. Reply GIFT to 80808."
ham,Meeting moved to conference room at 5:00 pm. Please confirm.
ham,Thanks for your help with the assignment work.
spam,URGENT! Your mobile number won a lucky draw for laptop. Reply CLAIM to 87121.
ham,"Hey Anita, are we still meeting at 8:00 am near the park?"
spam,Hot singles near you are waiting. Visit claim-bonus-now.com now. Offer valid today only.
spam,Selected customer alert: get premium membership free. Confirm at reward-center.net.
spam,Limited offer: get loan approved instantly. Click reward-center.net to apply.
spam,Your account is suspended. Verify details at bit.ly/claim-now immediately. Offer valid today only.
spam,Selected customer alert: get premium membership free. Confirm at reward-center.net.
spam,Free entry in weekly contest to win smart watch. Send YES to 80808 today. Offer valid today only.
spam,Congratulations! You are chosen for a free vacation. Call now on 87121. Offer valid today only.
spam,Earn Rs 5000 daily from home. Register at bit.ly/claim-now. Offer valid today only.
spam,"BSNL promo: You won Rs 25,000 recharge coupon. Redeem at bit.ly/claim-now. Offer valid today only."
ham,Let us have lunch at the main road tomorrow.
spam,"You have won a gift card worth Rs 75,000. Reply GIFT to 12121."
spam,"Dear user, your KYC failed. Update immediately on reward-center.net. Offer valid today only."
ham,Please transfer Rs 1200 to my UPI when you can. Please confirm.
spam,Your account is suspended. Verify details at tinyurl.com/rewardfast immediately.
ham,Can we reschedule to Tuesday 6:30 pm?
ham,Your appointment is confirmed for Monday at 9:30 am.
spam,"BSNL promo: You won Rs 50,000 recharge coupon. Redeem at tinyurl.com/rewardfast. Offer valid today only."
spam,Act now! Last 2 hours to claim your jackpot prize at reward-center.net.
spam,Limited offer: get loan approved instantly. Click tinyurl.com/rewardfast to apply.
spam,Exclusive deal! Buy 1 get 3 free only today. Tap reward-center.net. Offer valid today only.
ham,"I will be late by 10 minutes, traffic is heavy."
ham,I reached home safely. Call me when you are free.
ham,"I left your book at the campus, collect it when possible."
ham,"I left your book at the library, collect it when possible. Please confirm."
spam,Selected customer alert: get premium membership free. Confirm at tinyurl.com/rewardfast. Offer valid today only.
spam,"Final notice! Claim your uncollected reward of Rs 75,000 by texting CLAIM to 56060. Offer valid today only."
ham,Meeting moved to conference room at 5:00 pm.
spam,Free entry in weekly contest to win headphones. Send YES to 87121 today.
ham,Your appointment is confirmed for Friday at 9:30 am.
ham,Please transfer Rs 250 to my UPI when you can.
ham,Please transfer Rs 900 to my UPI when you can. Please confirm.
spam,"WINNER! You have been selected to receive Rs 10,000 cash prize. Text WIN to 54545 now. Offer valid today only."
spam,Act now! Last 2 hours to claim your jackpot prize at claim-bonus-now.com.
ham,Please pick up milk and bread on your way back. Please confirm.
spam,Selected customer alert: get premium membership free. Confirm at bit.ly/claim-now.
ham,Please transfer Rs 250 to my UPI when you can.
spam,"You have won a gift card worth Rs 25,000. Reply GIFT to 80808."
spam,"Dear user, your KYC failed. Update immediately on claim-bonus-now.com."
spam,Earn Rs 5000 daily from home. Register at tinyurl.com/rewardfast. Offer valid today only.
spam,Selected customer alert: get premium membership free. Confirm at claim-bonus-now.com. Offer valid today only.
ham,Dinner plan tonight at 8:00 am? Please confirm.
spam,Exclusive deal! Buy 1 get 3 free only today. Tap reward-center.net.
spam,Congratulations! You are chosen for a free vacation. Call now on 80808. Offer valid today only.
spam,"Final notice! Claim your uncollected reward of Rs 10,000 by texting CLAIM to 54545. Offer valid today only."
ham,Mom asked if you can come home early today.
spam,Selected customer alert: get premium membership free. Confirm at claim-bonus-now.com.
spam,"You have won a gift card worth Rs 50,000. Reply GIFT to 80808."
spam,Congratulations! You are chosen for a free vacation. Call now on 54545.
ham,"I will be late by 10 minutes, traffic is heavy."
spam,"WINNER! You have been selected to receive Rs 1,00,000 cash prize. Text WIN to 56060 now."
ham,Your appointment is confirmed for Thursday at 11:00 am.
spam,Act now! Last 2 hours to claim your jackpot prize at bit.ly/claim-now. Offer valid today only.
spam,Earn Rs 5000 daily from home. Register at tinyurl.com/rewardfast.
ham,"I left your book at the campus, collect it when possible. Please confirm."
spam,Your account is suspended. Verify details at bit.ly/claim-now immediately.
ham,Your appointment is confirmed for Monday at 9:30 am. Please confirm.
spam,Act now! Last 2 hours to claim your jackpot prize at reward-center.net.
ham,The class starts at 8:00 am; do not be late.
ham,Let us have lunch at the library tomorrow.
ham,Let us have lunch at the campus tomorrow. Please confirm.
spam,Earn Rs 5000 daily from home. Register at reward-center.net. Offer valid today only.
ham,Thanks for your help with the report work.
ham,Can we reschedule to Tuesday 7:15 pm? Please confirm.
ham,Can we reschedule to Wednesday 5:00 pm?
spam,Hot singles near you are waiting. Visit reward-center.net now.
ham,Please pick up milk and bread on your way back.
ham,Meeting moved to conference room at 7:15 pm. Please confirm.
ham,"Hey Riya, are we still meeting at 6:30 pm near the main road?"
spam,Hot singles near you are waiting. Visit tinyurl.com/rewardfast now. Offer valid today only.
spam,Exclusive deal! Buy 1 get 3 free only today. Tap reward-center.net.
spam,Your account is suspended. Verify details at bit.ly/claim-now immediately.
ham,"I will be late by 10 minutes, traffic is heavy."
spam,"Final notice! Claim your uncollected reward of Rs 50,000 by texting CLAIM to 56060."
ham,"I will be late by 10 minutes, traffic is heavy."
spam,"Dear user, your KYC failed. Update immediately on claim-bonus-now.com."
spam,Earn Rs 5000 daily from home. Register at bit.ly/claim-now. Offer valid today only.
spam,"Final notice! Claim your uncollected reward of Rs 10,000 by texting CLAIM to 87121."
ham,Can you send me the notes for lab work before Wednesday?
spam,Selected customer alert: get premium membership free. Confirm at reward-center.net.
ham,I reached home safely. Call me when you are free. Please confirm.
ham,Meeting moved to conference room at 11:00 am. Please confirm.
spam,"Dear user, your KYC failed. Update immediately on reward-center.net."
spam,"Jio promo: You won Rs 75,000 recharge coupon. Redeem at bit.ly/claim-now."
ham,Please transfer Rs 900 to my UPI when you can. Please confirm.
spam,Your account is suspended. Verify details at bit.ly/claim-now immediately.
ham,Meeting moved to conference room at 9:30 am.
ham,The class starts at 11:00 am; do not be late.
ham,Dinner plan tonight at 6:30 pm?
ham,"I will be late by 10 minutes, traffic is heavy."
spam,Exclusive deal! Buy 1 get 3 free only today. Tap tinyurl.com/rewardfast.
spam,Congratulations! You are chosen for a free vacation. Call now on 54545. Offer valid today only.
ham,The class starts at 9:30 am; do not be late.
ham,Can you send me the notes for assignment before Tuesday? Please confirm.
ham,"I will be late by 10 minutes, traffic is heavy. Please confirm."
ham,Mom asked if you can come home early today.
ham,Mom asked if you can come home early today.
ham,"Hey Anita, are we still meeting at 11:00 am near the mall?"
ham,Can you send me the notes for math before Monday?
ham,Please transfer Rs 650 to my UPI when you can.
ham,Can you send me the notes for math before Thursday?
spam,Hot singles near you are waiting. Visit tinyurl.com/rewardfast now.
ham,Meeting moved to conference room at 11:00 am.
spam,Congratulations! You are chosen for a free vacation. Call now on 12121. Offer valid today only.
spam,Act now! Last 2 hours to claim your jackpot prize at claim-bonus-now.com.
ham,"I left your book at the mall, collect it when possible."
ham,Dinner plan tonight at 9:30 am?
ham,"I will be late by 10 minutes, traffic is heavy."
spam,Free entry in weekly contest to win smart watch. Send YES to 12121 today. Offer valid today only.
ham,Can we reschedule to Thursday 6:30 pm? Please confirm.
ham,Please pick up milk and bread on your way back.
ham,Can we reschedule to Monday 11:00 am?
spam,Act now! Last 2 hours to claim your jackpot prize at reward-center.net.
ham,Can you send me the notes for project before Monday?
ham,Meeting moved to conference room at 7:15 pm.
ham,Let us have lunch at the campus tomorrow.
spam,Act now! Last 2 hours to claim your jackpot prize at claim-bonus-now.com.
spam,Hot singles near you are waiting. Visit claim-bonus-now.com now. Offer valid today only.
ham,I reached home safely. Call me when you are free. Please confirm.
spam,Your account is suspended. Verify details at claim-bonus-now.com immediately. Offer valid today only.
ham,"Hey Riya, are we still meeting at 8:00 am near the bus stop?"
spam,"You have won a gift card worth Rs 75,000. Reply GIFT to 56060."
spam,Hot singles near you are waiting. Visit claim-bonus-now.com now.
ham,Please transfer Rs 650 to my UPI when you can.
ham,Dinner plan tonight at 7:15 pm? Please confirm.
spam,Limited offer: get loan approved instantly. Click tinyurl.com/rewardfast to apply. Offer valid today only.
ham,Thanks for your help with the presentation work.
ham,"I will be late by 10 minutes, traffic is heavy. Please confirm."
spam,Selected customer alert: get premium membership free. Confirm at claim-bonus-now.com.
spam,URGENT! Your mobile number won a lucky draw for bike. Reply CLAIM to 56060.
ham,Mom asked if you can come home early today.
spam,"WINNER! You have been selected to receive Rs 1,00,000 cash prize. Text WIN to 12121 now. Offer valid today only."
ham,"I left your book at the canteen, collect it when possible. Please confirm."
ham,Can you send me the notes for chemistry before Saturday? Please confirm.
spam,Selected customer alert: get premium membership free. Confirm at tinyurl.com/rewardfast.
ham,Your appointment is confirmed for Saturday at 7:15 pm.
ham,Dinner plan tonight at 11:00 am? Please confirm.
spam,Hot singles near you are waiting. Visit reward-center.net now.
spam,URGENT! Your mobile number won a lucky draw for laptop. Reply CLAIM to 56060. Offer valid today only.
ham,I reached home safely. Call me when you are free. Please confirm.
spam,"Dear user, your KYC failed. Update immediately on bit.ly/claim-now."
ham,"I left your book at the park, collect it when possible."
spam,Your account is suspended. Verify details at reward-center.net immediately. Offer valid today only.
spam,Hot singles near you are waiting. Visit claim-bonus-now.com now.
spam,Earn Rs 5000 daily from home. Register at reward-center.net.
ham,Can you send me the notes for lab work before Saturday? Please confirm.
ham,Meeting moved to conference room at 5:00 pm.
ham,Meeting moved to conference room at 5:00 pm.
spam,Free entry in weekly contest to win bike. Send YES to 56060 today.
ham,Your appointment is confirmed for Wednesday at 7:15 pm.
ham,Your appointment is confirmed for Saturday at 7:15 pm.
ham,Thanks for your help with the assignment work. Please confirm.
ham,Let us have lunch at the campus tomorrow. Please confirm.
ham,Dinner plan tonight at 8:00 am?
ham,Meeting moved to conference room at 8:00 am. Please confirm.
spam,"Jio promo: You won Rs 75,000 recharge coupon. Redeem at tinyurl.com/rewardfast. Offer valid today only."
spam,Congratulations! You are chosen for a free vacation. Call now on 56060. Offer valid today only.
spam,"WINNER! You have been selected to receive Rs 25,000 cash prize. Text WIN to 12121 now."
ham,Let us have lunch at the library tomorrow.
ham,"Hey Priya, are we still meeting at 11:00 am near the canteen?"
ham,Mom asked if you can come home early today.
ham,Your appointment is confirmed for Tuesday at 7:15 pm.
ham,Can you send me the notes for physics before Wednesday?
spam,Hot singles near you are waiting. Visit claim-bonus-now.com now. Offer valid today only.
spam,"Jio promo: You won Rs 25,000 recharge coupon. Redeem at claim-bonus-now.com. Offer valid today only."
spam,Exclusive deal! Buy 1 get 3 free only today. Tap tinyurl.com/rewardfast.
spam,Free entry in weekly contest to win laptop. Send YES to 87121 today. Offer valid today only.
ham,Can we reschedule to Wednesday 5:00 pm?
ham,I reached home safely. Call me when you are free.
spam,Earn Rs 5000 daily from home. Register at tinyurl.com/rewardfast. Offer valid today only.
spam,Act now! Last 2 hours to claim your jackpot prize at tinyurl.com/rewardfast. Offer valid today only.
ham,Let us have lunch at the office gate tomorrow.
ham,"I will be late by 10 minutes, traffic is heavy."
ham,Let us have lunch at the main road tomorrow.
ham,Mom asked if you can come home early today.
ham,Can you send me the notes for lab work before Monday?
spam,URGENT! Your mobile number won a lucky draw for smart watch. Reply CLAIM to 12121. Offer valid today only.
ham,Let us have lunch at the canteen tomorrow. Please confirm.
ham,Your appointment is confirmed for Thursday at 11:00 am.
ham,Thanks for your help with the project work. Please confirm.
spam,Free entry in weekly contest to win laptop. Send YES to 80808 today.
ham,Thanks for your help with the chemistry work.
ham,Thanks for your help with the presentation work.
spam,Free entry in weekly contest to win smart watch. Send YES to 54545 today. Offer valid today only.
spam,Congratulations! You are chosen for a free vacation. Call now on 12121.
spam,"You have won a gift card worth Rs 25,000. Reply GIFT to 54545."
spam,Hot singles near you are waiting. Visit reward-center.net now.
spam,"WINNER! You have been selected to receive Rs 75,000 cash prize. Text WIN to 12121 now."
spam,Hot singles near you are waiting. Visit bit.ly/claim-now now.
ham,Dinner plan tonight at 11:00 am?
ham,Can you send me the notes for physics before Wednesday? Please confirm.
ham,"I will be late by 10 minutes, traffic is heavy. Please confirm."
ham,I reached home safely. Call me when you are free.
spam,Earn Rs 5000 daily from home. Register at reward-center.net. Offer valid today only.
ham,Your appointment is confirmed for Wednesday at 11:00 am. Please confirm.
ham,I reached home safely. Call me when you are free.
ham,Please transfer Rs 250 to my UPI when you can.
spam,Exclusive deal! Buy 1 get 3 free only today. Tap tinyurl.com/rewardfast.
ham,Let us have lunch at the main road tomorrow.
spam,"Final notice! Claim your uncollected reward of Rs 50,000 by texting CLAIM to 12121."
ham,Your appointment is confirmed for Monday at 5:00 pm.
ham,Your appointment is confirmed for Wednesday at 5:00 pm.
spam,"Final notice! Claim your uncollected reward of Rs 25,000 by texting CLAIM to 80808. Offer valid today only."
ham,Thanks for your help with the physics work.
ham,Can you send me the notes for lab work before Friday? Please confirm.
ham,Can we reschedule to Saturday 11:00 am?
ham,"I left your book at the bus stop, collect it when possible."
spam,Selected customer alert: get premium membership free. Confirm at tinyurl.com/rewardfast.
spam,Selected customer alert: get premium membership free. Confirm at reward-center.net.
ham,"I will be late by 10 minutes, traffic is heavy."
ham,"Hey Priya, are we still meeting at 9:30 am near the mall? Please confirm."
spam,Congratulations! You are chosen for a free vacation. Call now on 87121.
ham,Mom asked if you can come home early today.
ham,"I will be late by 10 minutes, traffic is heavy. Please confirm."
ham,The class starts at 8:00 am; do not be late.
spam,Limited offer: get loan approved instantly. Click bit.ly/claim-now to apply.
spam,URGENT! Your mobile number won a lucky draw for bike. Reply CLAIM to 56060. Offer valid today only.
ham,"I left your book at the main road, collect it when possible."
spam,Congratulations! You are chosen for a free vacation. Call now on 87121. Offer valid today only.
ham,Meeting moved to conference room at 7:15 pm.
spam,Exclusive deal! Buy 1 get 3 free only today. Tap reward-center.net. Offer valid today only.
ham,Let us have lunch at the bus stop tomorrow.
ham,"I left your book at the bus stop, collect it when possible. Please confirm."
ham,I reached home safely. Call me when you are free.
spam,Limited offer: get loan approved instantly. Click claim-bonus-now.com to apply.
ham,Thanks for your help with the assignment work. Please confirm.
spam,Act now! Last 2 hours to claim your jackpot prize at claim-bonus-now.com.
spam,Earn Rs 5000 daily from home. Register at tinyurl.com/rewardfast.
spam,Earn Rs 5000 daily from home. Register at claim-bonus-now.com.
spam,"WINNER! You have been selected to receive Rs 25,000 cash prize. Text WIN to 12121 now."
spam,Congratulations! You are chosen for a free vacation. Call now on 54545.
ham,Mom asked if you can come home early today.
spam,"BSNL promo: You won Rs 50,000 recharge coupon. Redeem at claim-bonus-now.com."
ham,Mom asked if you can come home early today. Please confirm.
ham,"I left your book at the station, collect it when possible."
ham,Your appointment is confirmed for Wednesday at 6:30 pm. Please confirm.
spam,Exclusive deal! Buy 1 get 3 free only today. Tap tinyurl.com/rewardfast.
spam,Selected customer alert: get premium membership free. Confirm at bit.ly/claim-now. Offer valid today only.
ham,Please pick up milk and bread on your way back. Please confirm.
ham,Can you send me the notes for lab work before Saturday? Please confirm.
ham,"I left your book at the canteen, collect it when possible."
spam,"WINNER! You have been selected to receive Rs 50,000 cash prize. Text WIN to 12121 now. Offer valid today only."
spam,Your account is suspended. Verify details at claim-bonus-now.com immediately.
ham,Let us have lunch at the mall tomorrow.
spam,Hot singles near you are waiting. Visit bit.ly/claim-now now.
spam,"You have won a gift card worth Rs 75,000. Reply GIFT to 80808."
spam,"Final notice! Claim your uncollected reward of Rs 50,000 by texting CLAIM to 56060. Offer valid today only."
spam,"You have won a gift card worth Rs 25,000. Reply GIFT to 80808."
spam,Earn Rs 5000 daily from home. Register at tinyurl.com/rewardfast. Offer valid today only.
spam,"Dear user, your KYC failed. Update immediately on bit.ly/claim-now."
spam,"WINNER! You have been selected to receive Rs 25,000 cash prize. Text WIN to 12121 now."
spam,Act now! Last 2 hours to claim your jackpot prize at reward-center.net.
ham,"I will be late by 10 minutes, traffic is heavy. Please confirm."
ham,"I will be late by 10 minutes, traffic is heavy."
spam,Earn Rs 5000 daily from home. Register at claim-bonus-now.com. Offer valid today only.
ham,Your appointment is confirmed for Thursday at 8:00 am. Please confirm.
spam,Limited offer: get loan approved instantly. Click reward-center.net to apply. Offer valid today only.
ham,Your appointment is confirmed for Tuesday at 8:00 am.
ham,Meeting moved to conference room at 6:30 pm. Please confirm.
spam,"WINNER! You have been selected to receive Rs 75,000 cash prize. Text WIN to 90909 now."
ham,Meeting moved to conference room at 9:30 am.
ham,Dinner plan tonight at 8:00 am? Please confirm.
spam,URGENT! Your mobile number won a lucky draw for bike. Reply CLAIM to 80808.
spam,URGENT! Your mobile number won a lucky draw for headphones. Reply CLAIM to 80808.
spam,"WINNER! You have been selected to receive Rs 1,00,000 cash prize. Text WIN to 56060 now."
spam,"Jio promo: You won Rs 1,00,000 recharge coupon. Redeem at tinyurl.com/rewardfast. Offer valid today only."
spam,"Final notice! Claim your uncollected reward of Rs 10,000 by texting CLAIM to 90909. Offer valid today only."
ham,Can you send me the notes for chemistry before Thursday?
ham,Your appointment is confirmed for Saturday at 7:15 pm. Please confirm.
spam,"You have won a gift card worth Rs 25,000. Reply GIFT to 56060. Offer valid today only."
spam,Hot singles near you are waiting. Visit tinyurl.com/rewardfast now.
ham,Dinner plan tonight at 5:00 pm?
spam,Selected customer alert: get premium membership free. Confirm at reward-center.net.
ham,Let us have lunch at the office gate tomorrow.
spam,Earn Rs 5000 daily from home. Register at claim-bonus-now.com. Offer valid today only.
spam,"WINNER! You have been selected to receive Rs 25,000 cash prize. Text WIN to 90909 now."
spam,"You have won a gift card worth Rs 1,00,000. Reply GIFT to 90909."
ham,Your appointment is confirmed for Tuesday at 9:30 am. Please confirm.
ham,Can you send me the notes for chemistry before Wednesday?
spam,Limited offer: get loan approved instantly. Click bit.ly/claim-now to apply.
spam,"Airtel promo: You won Rs 75,000 recharge coupon. Redeem at claim-bonus-now.com. Offer valid today only."
ham,Can we reschedule to Thursday 7:15 pm?
spam,"You have won a gift card worth Rs 75,000. Reply GIFT to 87121."
spam,URGENT! Your mobile number won a lucky draw for voucher. Reply CLAIM to 12121.
spam,Selected customer alert: get premium membership free. Confirm at bit.ly/claim-now.
ham,Let us have lunch at the mall tomorrow.
spam,"You have won a gift card worth Rs 75,000. Reply GIFT to 90909."
spam,"You have won a gift card worth Rs 75,000. Reply GIFT to 56060."
ham,Can we reschedule to Monday 7:15 pm? Please confirm.
spam,"Jio promo: You won Rs 75,000 recharge coupon. Redeem at reward-center.net. Offer valid today only."
spam,Selected customer alert: get premium membership free. Confirm at tinyurl.com/rewardfast. Offer valid today only.
spam,Congratulations! You are chosen for a free vacation. Call now on 54545. Offer valid today only.
ham,Please pick up milk and bread on your way back.
ham,Let us have lunch at the canteen tomorrow. Please confirm.
ham,I reached home safely. Call me when you are free. Please confirm.
spam,Act now! Last 2 hours to claim your jackpot prize at bit.ly/claim-now.
spam,"Dear user, your KYC failed. Update immediately on claim-bonus-now.com."
ham,The class starts at 6:30 pm; do not be late.
spam,Earn Rs 5000 daily from home. Register at reward-center.net. Offer valid today only.
spam,Your account is suspended. Verify details at bit.ly/claim-now immediately.
ham,I reached home safely. Call me when you are free. Please confirm.
ham,"I left your book at the library, collect it when possible."
ham,Your appointment is confirmed for Thursday at 8:00 am. Please confirm.
spam,Earn Rs 5000 daily from home. Register at bit.ly/claim-now. Offer valid today only.
ham,Dinner plan tonight at 9:30 am? Please confirm.
spam,Congratulations! You are chosen for a free vacation. Call now on 90909. Offer valid today only.
spam,Earn Rs 5000 daily from home. Register at claim-bonus-now.com.
ham,Your appointment is confirmed for Wednesday at 8:00 am.
ham,"I will be late by 10 minutes, traffic is heavy."
ham,Your appointment is confirmed for Friday at 11:00 am.
spam,Free entry in weekly contest to win voucher. Send YES to 90909 today.
spam,Free entry in weekly contest to win headphones. Send YES to 56060 today. Offer valid today only.
spam,URGENT! Your mobile number won a lucky draw for phone. Reply CLAIM to 80808. Offer valid today only.
ham,Please transfer Rs 650 to my UPI when you can.
spam,Selected customer alert: get premium membership free. Confirm at tinyurl.com/rewardfast. Offer valid today only.
ham,"Hey Priya, are we still meeting at 11:00 am near the main road?"
ham,I reached home safely. Call me when you are free. Please confirm.
spam,Congratulations! You are chosen for a free vacation. Call now on 12121.
spam,URGENT! Your mobile number won a lucky draw for phone. Reply CLAIM to 87121. Offer valid today only.
spam,Earn Rs 5000 daily from home. Register at reward-center.net. Offer valid today only.
spam,"You have won a gift card worth Rs 10,000. Reply GIFT to 87121."
ham,Dinner plan tonight at 5:00 pm?
spam,"Vi promo: You won Rs 10,000 recharge coupon. Redeem at reward-center.net. Offer valid today only."
spam,Selected customer alert: get premium membership free. Confirm at bit.ly/claim-now.
ham,Dinner plan tonight at 7:15 pm?
ham,I reached home safely. Call me when you are free. Please confirm.
spam,Your account is suspended. Verify details at claim-bonus-now.com immediately. Offer valid today only.
spam,Selected customer alert: get premium membership free. Confirm at reward-center.net.
ham,Can we reschedule to Friday 11:00 am? Please confirm.
ham,Let us have lunch at the office gate tomorrow.
ham,"I left your book at the canteen, collect it when possible."
spam,Free entry in weekly contest to win phone. Send YES to 54545 today.
ham,Please transfer Rs 1200 to my UPI when you can. Please confirm.
ham,Can you send me the notes for assignment before Saturday?
ham,Your appointment is confirmed for Monday at 9:30 am.
ham,The class starts at 5:00 pm; do not be late.
ham,"I will be late by 10 minutes, traffic is heavy."
spam,"Dear user, your KYC failed. Update immediately on reward-center.net."
spam,"WINNER! You have been selected to receive Rs 50,000 cash prize. Text WIN to 12121 now."
spam,"Final notice! Claim your uncollected reward of Rs 75,000 by texting CLAIM to 87121. Offer valid today only."
spam,Your account is suspended. Verify details at claim-bonus-now.com immediately.
spam,"Final notice! Claim your uncollected reward of Rs 75,000 by texting CLAIM to 54545."
spam,"You have won a gift card worth Rs 10,000. Reply GIFT to 80808."
spam,Earn Rs 5000 daily from home. Register at claim-bonus-now.com.
spam,Selected customer alert: get premium membership free. Confirm at reward-center.net.
ham,"I left your book at the park, collect it when possible."
ham,Can you send me the notes for chemistry before Saturday? Please confirm.
spam,URGENT! Your mobile number won a lucky draw for voucher. Reply CLAIM to 80808. Offer valid today only.
ham,Can we reschedule to Wednesday 7:15 pm? Please confirm.
ham,Dinner plan tonight at 9:30 am?
ham,Can we reschedule to Monday 7:15 pm?
ham,Please pick up milk and bread on your way back.
ham,Dinner plan tonight at 11:00 am?
ham,Can you send me the notes for project before Friday? Please confirm.
ham,Mom asked if you can come home early today.
ham,"I will be late by 10 minutes, traffic is heavy."
ham,Dinner plan tonight at 9:30 am?
spam,"WINNER! You have been selected to receive Rs 10,000 cash prize. Text WIN to 54545 now. Offer valid today only."
ham,"I will be late by 10 minutes, traffic is heavy."
ham,"I left your book at the main road, collect it when possible."
spam,URGENT! Your mobile number won a lucky draw for smart watch. Reply CLAIM to 87121. Offer valid today only.
spam,"Dear user, your KYC failed. Update immediately on bit.ly/claim-now."
spam,Free entry in weekly contest to win bike. Send YES to 90909 today. Offer valid today only.
ham,Please pick up milk and bread on your way back.
spam,Selected customer alert: get premium membership free. Confirm at reward-center.net.
ham,Meeting moved to conference room at 11:00 am. Please confirm.
ham,Can we reschedule to Wednesday 7:15 pm? Please confirm.
spam,Hot singles near you are waiting. Visit reward-center.net now.
spam,Free entry in weekly contest to win bike. Send YES to 90909 today.
ham,Can we reschedule to Thursday 9:30 am?
spam,"Final notice! Claim your uncollected reward of Rs 25,000 by texting CLAIM to 56060. Offer valid today only."
spam,URGENT! Your mobile number won a lucky draw for bike. Reply CLAIM to 12121.
spam,Exclusive deal! Buy 1 get 3 free only today. Tap tinyurl.com/rewardfast.
ham,Please pick up milk and bread on your way back.
ham,The class starts at 8:00 am; do not be late.
spam,Free entry in weekly contest to win headphones. Send YES to 12121 today.
ham,The class starts at 11:00 am; do not be late. Please confirm.
spam,"Final notice! Claim your uncollected reward of Rs 25,000 by texting CLAIM to 12121. Offer valid today only."
spam,Free entry in weekly contest to win smart watch. Send YES to 80808 today.
ham,Mom asked if you can come home early today.
ham,Meeting moved to conference room at 8:00 am.
spam,Hot singles near you are waiting. Visit bit.ly/claim-now now.
spam,"Dear user, your KYC failed. Update immediately on tinyurl.com/rewardfast. Offer valid today only."
spam,"WINNER! You have been selected to receive Rs 10,000 cash prize. Text WIN to 54545 now. Offer valid today only."
ham,Thanks for your help with the math work.
ham,"I left your book at the bus stop, collect it when possible."
ham,"Hey Anita, are we still meeting at 7:15 pm near the library?"
spam,"Airtel promo: You won Rs 1,00,000 recharge coupon. Redeem at bit.ly/claim-now. Offer valid today only."
ham,Meeting moved to conference room at 9:30 am.
ham,Thanks for your help with the report work.
ham,Can you send me the notes for chemistry before Monday?
ham,Mom asked if you can come home early today.
ham,Let us have lunch at the campus tomorrow.
spam,"Vi promo: You won Rs 25,000 recharge coupon. Redeem at claim-bonus-now.com."
spam,Hot singles near you are waiting. Visit claim-bonus-now.com now. Offer valid today only.
spam,Your account is suspended. Verify details at reward-center.net immediately.
ham,Mom asked if you can come home early today.
spam,"Final notice! Claim your uncollected reward of Rs 10,000 by texting CLAIM to 80808. Offer valid today only."
ham,Mom asked if you can come home early today.
spam,Act now! Last 2 hours to claim your jackpot prize at claim-bonus-now.com. Offer valid today only.
ham,Can we reschedule to Wednesday 8:00 am?
spam,Your account is suspended. Verify details at reward-center.net immediately. Offer valid today only.
spam,Exclusive deal! Buy 1 get 3 free only today. Tap reward-center.net.
ham,The class starts at 8:00 am; do not be late.
spam,"You have won a gift card worth Rs 10,000. Reply GIFT to 90909."
ham,Dinner plan tonight at 6:30 pm? Please confirm.
ham,Dinner plan tonight at 9:30 am? Please confirm.
ham,"I will be late by 10 minutes, traffic is heavy. Please confirm."
spam,Hot singles near you are waiting. Visit reward-center.net now.
ham,"I left your book at the main road, collect it when possible."
spam,"WINNER! You have been selected to receive Rs 75,000 cash prize. Text WIN to 90909 now."
spam,"Jio promo: You won Rs 50,000 recharge coupon. Redeem at bit.ly/claim-now. Offer valid today only."
spam,Act now! Last 2 hours to claim your jackpot prize at reward-center.net.
ham,Let us have lunch at the canteen tomorrow.
spam,"Dear user, your KYC failed. Update immediately on reward-center.net."
spam,"Final notice! Claim your uncollected reward of Rs 10,000 by texting CLAIM to 90909. Offer valid today only."
ham,Meeting moved to conference room at 9:30 am. Please confirm.
spam,"WINNER! You have been selected to receive Rs 1,00,000 cash prize. Text WIN to 87121 now. Offer valid today only."
spam,"Final notice! Claim your uncollected reward of Rs 1,00,000 by texting CLAIM to 12121. Offer valid today only."
ham,Can we reschedule to Wednesday 11:00 am?
spam,URGENT! Your mobile number won a lucky draw for phone. Reply CLAIM to 56060.
spam,Limited offer: get loan approved instantly. Click bit.ly/claim-now to apply.
ham,Thanks for your help with the physics work. Please confirm.
spam,Selected customer alert: get premium membership free. Confirm at tinyurl.com/rewardfast. Offer valid today only.
spam,"BSNL promo: You won Rs 75,000 recharge coupon. Redeem at reward-center.net. Offer valid today only."
spam,Selected customer alert: get premium membership free. Confirm at tinyurl.com/rewardfast. Offer valid today only.
ham,"I left your book at the campus, collect it when possible."
spam,"You have won a gift card worth Rs 25,000. Reply GIFT to 80808. Offer valid today only."
ham,I reached home safely. Call me when you are free. Please confirm.
spam,Your account is suspended. Verify details at bit.ly/claim-now immediately. Offer valid today only.
ham,Your appointment is confirmed for Wednesday at 11:00 am. Please confirm.
spam,Earn Rs 5000 daily from home. Register at tinyurl.com/rewardfast.
spam,Earn Rs 5000 daily from home. Register at bit.ly/claim-now.
ham,The class starts at 5:00 pm; do not be late.
spam,Hot singles near you are waiting. Visit reward-center.net now.
spam,URGENT! Your mobile number won a lucky draw for headphones. Reply CLAIM to 80808.
ham,"I left your book at the mall, collect it when possible. Please confirm."
ham,Mom asked if you can come home early today.
ham,Can we reschedule to Tuesday 8:00 am?
spam,Exclusive deal! Buy 1 get 3 free only today. Tap bit.ly/claim-now.
ham,Can you send me the notes for project before Monday? Please confirm.
ham,Please transfer Rs 250 to my UPI when you can.
ham,Mom asked if you can come home early today.
ham,Your appointment is confirmed for Friday at 9:30 am. Please confirm.
spam,URGENT! Your mobile number won a lucky draw for phone. Reply CLAIM to 12121. Offer valid today only.
ham,"Hey Sara, are we still meeting at 8:00 am near the park?"
ham,"I left your book at the canteen, collect it when possible."
spam,"You have won a gift card worth Rs 10,000. Reply GIFT to 56060."
spam,Free entry in weekly contest to win smart watch. Send YES to 90909 today. Offer valid today only.
ham,"I will be late by 10 minutes, traffic is heavy. Please confirm."
spam,Congratulations! You are chosen for a free vacation. Call now on 87121. Offer valid today only.
ham,Thanks for your help with the report work. Please confirm.
spam,"Dear user, your KYC failed. Update immediately on reward-center.net. Offer valid today only."
ham,Can we reschedule to Wednesday 5:00 pm?
ham,Mom asked if you can come home early today.
ham,"I will be late by 10 minutes, traffic is heavy. Please confirm."
ham,Mom asked if you can come home early today. Please confirm.
ham,"I will be late by 10 minutes, traffic is heavy."
ham,Can we reschedule to Saturday 11:00 am?
ham,"I will be late by 10 minutes, traffic is heavy."
ham,Mom asked if you can come home early today.
spam,"Final notice! Claim your uncollected reward of Rs 1,00,000 by texting CLAIM to 80808."
spam,Hot singles near you are waiting. Visit tinyurl.com/rewardfast now.
ham,"I will be late by 10 minutes, traffic is heavy. Please confirm."
ham,I reached home safely. Call me when you are free.
ham,Thanks for your help with the report work. Please confirm.
spam,"BSNL promo: You won Rs 25,000 recharge coupon. Redeem at tinyurl.com/rewardfast."
spam,Congratulations! You are chosen for a free vacation. Call now on 87121.
spam,Exclusive deal! Buy 1 get 3 free only today. Tap reward-center.net.
spam,Free entry in weekly contest to win smart watch. Send YES to 12121 today.
ham,"I left your book at the mall, collect it when possible."
spam,"Final notice! Claim your uncollected reward of Rs 50,000 by texting CLAIM to 90909."
ham,"I left your book at the canteen, collect it when possible."
ham,The class starts at 6:30 pm; do not be late.
spam,"WINNER! You have been selected to receive Rs 75,000 cash prize. Text WIN to 56060 now."
spam,Exclusive deal! Buy 1 get 3 free only today. Tap reward-center.net. Offer valid today only.
ham,"Hey Anita, are we still meeting at 8:00 am near the bus stop?"
spam,Limited offer: get loan approved instantly. Click bit.ly/claim-now to apply.
spam,Free entry in weekly contest to win voucher. Send YES to 80808 today. Offer valid today only.
spam,Earn Rs 5000 daily from home. Register at bit.ly/claim-now. Offer valid today only.
ham,Can we reschedule to Friday 5:00 pm? Please confirm.
ham,Mom asked if you can come home early today. Please confirm.
ham,The class starts at 8:00 am; do not be late.
spam,"Airtel promo: You won Rs 75,000 recharge coupon. Redeem at bit.ly/claim-now."
ham,Thanks for your help with the math work. Please confirm.
spam,"Final notice! Claim your uncollected reward of Rs 50,000 by texting CLAIM to 80808."
spam,Congratulations! You are chosen for a free vacation. Call now on 54545.
spam,Exclusive deal! Buy 1 get 3 free only today. Tap bit.ly/claim-now.
ham,Thanks for your help with the physics work.
ham,"Hey Anita, are we still meeting at 6:30 pm near the canteen?"
spam,Act now! Last 2 hours to claim your jackpot prize at tinyurl.com/rewardfast.
spam,"BSNL promo: You won Rs 50,000 recharge coupon. Redeem at reward-center.net."
spam,Limited offer: get loan approved instantly. Click tinyurl.com/rewardfast to apply. Offer valid today only.
spam,Act now! Last 2 hours to claim your jackpot prize at claim-bonus-now.com.
spam,"You have won a gift card worth Rs 1,00,000. Reply GIFT to 54545. Offer valid today only."
spam,URGENT! Your mobile number won a lucky draw for headphones. Reply CLAIM to 87121.
ham,Mom asked if you can come home early today. Please confirm.
spam,Free entry in weekly contest to win headphones. Send YES to 80808 today.
ham,I reached home safely. Call me when you are free.
spam,Your account is suspended. Verify details at reward-center.net immediately.
ham,Dinner plan tonight at 6:30 pm? Please confirm.
ham,Thanks for your help with the math work. Please confirm.
ham,"I left your book at the campus, collect it when possible. Please confirm."
spam,Selected customer alert: get premium membership free. Confirm at reward-center.net. Offer valid today only.
spam,"You have won a gift card worth Rs 10,000. Reply GIFT to 80808."
ham,Dinner plan tonight at 5:00 pm? Please confirm.
spam,Limited offer: get loan approved instantly. Click bit.ly/claim-now to apply. Offer valid today only.
ham,Your appointment is confirmed for Saturday at 9:30 am.
spam,Congratulations! You are chosen for a free vacation. Call now on 56060.
ham,"I will be late by 10 minutes, traffic is heavy."
spam,Selected customer alert: get premium membership free. Confirm at bit.ly/claim-now.
ham,Thanks for your help with the math work.
ham,"I left your book at the canteen, collect it when possible. Please confirm."
spam,Earn Rs 5000 daily from home. Register at claim-bonus-now.com. Offer valid today only.
ham,"I left your book at the station, collect it when possible."
ham,Let us have lunch at the office gate tomorrow. Please confirm.
spam,Earn Rs 5000 daily from home. Register at reward-center.net.
ham,Mom asked if you can come home early today. Please confirm.
ham,Meeting moved to conference room at 11:00 am. Please confirm.
spam,Selected customer alert: get premium membership free. Confirm at tinyurl.com/rewardfast. Offer valid today only.
spam,URGENT! Your mobile number won a lucky draw for headphones. Reply CLAIM to 87121. Offer valid today only.
ham,The class starts at 11:00 am; do not be late.
spam,Exclusive deal! Buy 1 get 3 free only today. Tap claim-bonus-now.com. Offer valid today only.
ham,Please transfer Rs 900 to my UPI when you can.
spam,"Final notice! Claim your uncollected reward of Rs 1,00,000 by texting CLAIM to 12121."
spam,Free entry in weekly contest to win laptop. Send YES to 90909 today. Offer valid today only.
ham,Can you send me the notes for chemistry before Wednesday?
ham,Can we reschedule to Saturday 8:00 am? Please confirm.
spam,Limited offer: get loan approved instantly. Click tinyurl.com/rewardfast to apply. Offer valid today only.
ham,Let us have lunch at the station tomorrow.
ham,Can you send me the notes for assignment before Tuesday?
spam,"Dear user, your KYC failed. Update immediately on tinyurl.com/rewardfast."
spam,Hot singles near you are waiting. Visit reward-center.net now.
ham,Can you send me the notes for report before Thursday? Please confirm.
ham,Mom asked if you can come home early today. Please confirm.
spam,Free entry in weekly contest to win bike. Send YES to 80808 today. Offer valid today only.
ham,Dinner plan tonight at 11:00 am?
spam,URGENT! Your mobile number won a lucky draw for bike. Reply CLAIM to 54545.
ham,Please transfer Rs 1200 to my UPI when you can.
ham,The class starts at 9:30 am; do not be late.
spam,Selected customer alert: get premium membership free. Confirm at reward-center.net. Offer valid today only.
ham,Can we reschedule to Monday 7:15 pm?
ham,Can you send me the notes for chemistry before Monday? Please confirm.
ham,The class starts at 11:00 am; do not be late. Please confirm.
spam,Earn Rs 5000 daily from home. Register at bit.ly/claim-now. Offer valid today only.
spam,Congratulations! You are chosen for a free vacation. Call now on 12121.
spam,Exclusive deal! Buy 1 get 3 free only today. Tap bit.ly/claim-now. Offer valid today only.
spam,"Vi promo: You won Rs 1,00,000 recharge coupon. Redeem at claim-bonus-now.com."
spam,Hot singles near you are waiting. Visit reward-center.net now. Offer valid today only.
ham,"Hey Amit, are we still meeting at 6:30 pm near the main road? Please confirm."
spam,Your account is suspended. Verify details at claim-bonus-now.com immediately. Offer valid today only.
ham,Please transfer Rs 650 to my UPI when you can.
spam,Act now! Last 2 hours to claim your jackpot prize at bit.ly/claim-now.
ham,Mom asked if you can come home early today. Please confirm.
ham,The class starts at 7:15 pm; do not be late. Please confirm.
ham,Your appointment is confirmed for Tuesday at 5:00 pm.
spam,"Dear user, your KYC failed. Update immediately on tinyurl.com/rewardfast. Offer valid today only."
spam,Earn Rs 5000 daily from home. Register at claim-bonus-now.com. Offer valid today only.
ham,Let us have lunch at the park tomorrow.
ham,The class starts at 5:00 pm; do not be late. Please confirm.
ham,Your appointment is confirmed for Thursday at 7:15 pm.
ham,"I will be late by 10 minutes, traffic is heavy. Please confirm."
ham,Mom asked if you can come home early today. Please confirm.
ham,The class starts at 6:30 pm; do not be late.
ham,"I left your book at the bus stop, collect it when possible. Please confirm."
ham,Your appointment is confirmed for Monday at 8:00 am.
spam,Your account is suspended. Verify details at bit.ly/claim-now immediately. Offer valid today only.
ham,"I left your book at the main road, collect it when possible."
spam,Exclusive deal! Buy 1 get 3 free only today. Tap reward-center.net. Offer valid today only.
spam,URGENT! Your mobile number won a lucky draw for laptop. Reply CLAIM to 87121. Offer valid today only.
spam,Earn Rs 5000 daily from home. Register at tinyurl.com/rewardfast.
ham,Dinner plan tonight at 8:00 am? Please confirm.
ham,Can you send me the notes for assignment before Friday?
spam,Limited offer: get loan approved instantly. Click bit.ly/claim-now to apply.
ham,Thanks for your help with the report work. Please confirm.
ham,"I will be late by 10 minutes, traffic is heavy."
ham,Can you send me the notes for lab work before Wednesday? Please confirm.
spam,Congratulations! You are chosen for a free vacation. Call now on 80808.
ham,Can we reschedule to Wednesday 7:15 pm?
spam,Earn Rs 5000 daily from home. Register at bit.ly/claim-now. Offer valid today only.
spam,Exclusive deal! Buy 1 get 3 free only today. Tap reward-center.net. Offer valid today only.
ham,Can you send me the notes for math before Monday?
spam,Earn Rs 5000 daily from home. Register at bit.ly/claim-now. Offer valid today only.
spam,"Jio promo: You won Rs 1,00,000 recharge coupon. Redeem at claim-bonus-now.com."
ham,"Hey Maya, are we still meeting at 9:30 am near the library?"
ham,Thanks for your help with the report work.
ham,Meeting moved to conference room at 11:00 am. Please confirm.
ham,Your appointment is confirmed for Tuesday at 7:15 pm.
spam,Congratulations! You are chosen for a free vacation. Call now on 54545.
ham,Meeting moved to conference room at 5:00 pm.
spam,Free entry in weekly contest to win bike. Send YES to 12121 today. Offer valid today only.
spam,Earn Rs 5000 daily from home. Register at bit.ly/claim-now. Offer valid today only.
spam,"Final notice! Claim your uncollected reward of Rs 1,00,000 by texting CLAIM to 12121."
spam,"Dear user, your KYC failed. Update immediately on tinyurl.com/rewardfast."
ham,The class starts at 11:00 am; do not be late.
ham,Can you send me the notes for physics before Saturday?
spam,Limited offer: get loan approved instantly. Click reward-center.net to apply.
spam,"You have won a gift card worth Rs 50,000. Reply GIFT to 54545. Offer valid today only."
ham,I reached home safely. Call me when you are free.
spam,"Airtel promo: You won Rs 1,00,000 recharge coupon. Redeem at claim-bonus-now.com. Offer valid today only."
ham,Can you send me the notes for assignment before Tuesday? Please confirm.
spam,"Final notice! Claim your uncollected reward of Rs 50,000 by texting CLAIM to 12121. Offer valid today only."
ham,Your appointment is confirmed for Thursday at 8:00 am.
spam,Your account is suspended. Verify details at claim-bonus-now.com immediately. Offer valid today only.
ham,Can you send me the notes for math before Tuesday? Please confirm.
spam,Hot singles near you are waiting. Visit bit.ly/claim-now now.
spam,URGENT! Your mobile number won a lucky draw for laptop. Reply CLAIM to 90909. Offer valid today only.
ham,Your appointment is confirmed for Wednesday at 8:00 am. Please confirm.
spam,Hot singles near you are waiting. Visit bit.ly/claim-now now. Offer valid today only.
ham,Meeting moved to conference room at 6:30 pm.
ham,Let us have lunch at the park tomorrow. Please confirm.
spam,Exclusive deal! Buy 1 get 3 free only today. Tap tinyurl.com/rewardfast. Offer valid today only.
spam,"You have won a gift card worth Rs 1,00,000. Reply GIFT to 54545."
ham,Mom asked if you can come home early today.
ham,Please pick up milk and bread on your way back. Please confirm.
spam,Earn Rs 5000 daily from home. Register at bit.ly/claim-now. Offer valid today only.
spam,Free entry in weekly contest to win laptop. Send YES to 80808 today. Offer valid today only.
spam,Your account is suspended. Verify details at bit.ly/claim-now immediately. Offer valid today only.
spam,Act now! Last 2 hours to claim your jackpot prize at claim-bonus-now.com.
spam,Congratulations! You are chosen for a free vacation. Call now on 54545.
spam,Act now! Last 2 hours to claim your jackpot prize at tinyurl.com/rewardfast.
ham,"I will be late by 10 minutes, traffic is heavy."
spam,"WINNER! You have been selected to receive Rs 10,000 cash prize. Text WIN to 87121 now."
ham,Please transfer Rs 1200 to my UPI when you can. Please confirm.
ham,"I left your book at the canteen, collect it when possible. Please confirm."
spam,URGENT! Your mobile number won a lucky draw for headphones. Reply CLAIM to 87121. Offer valid today only.
ham,Please pick up milk and bread on your way back. Please confirm.
ham,Please transfer Rs 250 to my UPI when you can. Please confirm.
spam,URGENT! Your mobile number won a lucky draw for headphones. Reply CLAIM to 80808.
spam,"Dear user, your KYC failed. Update immediately on claim-bonus-now.com. Offer valid today only."
spam,"BSNL promo: You won Rs 25,000 recharge coupon. Redeem at claim-bonus-now.com."
ham,"I left your book at the station, collect it when possible."
spam,"WINNER! You have been selected to receive Rs 10,000 cash prize. Text WIN to 80808 now."
spam,Your account is suspended. Verify details at claim-bonus-now.com immediately. Offer valid today only.
spam,Act now! Last 2 hours to claim your jackpot prize at bit.ly/claim-now.
ham,Thanks for your help with the chemistry work. Please confirm.
ham,Mom asked if you can come home early today.
spam,Hot singles near you are waiting. Visit tinyurl.com/rewardfast now. Offer valid today only.
ham,Dinner plan tonight at 8:00 am?
spam,Exclusive deal! Buy 1 get 3 free only today. Tap claim-bonus-now.com. Offer valid today only.
ham,I reached home safely. Call me when you are free.
ham,Meeting moved to conference room at 11:00 am.
spam,URGENT! Your mobile number won a lucky draw for phone. Reply CLAIM to 56060. Offer valid today only.
ham,Your appointment is confirmed for Thursday at 7:15 pm. Please confirm.
spam,"You have won a gift card worth Rs 25,000. Reply GIFT to 54545. Offer valid today only."
spam,"You have won a gift card worth Rs 10,000. Reply GIFT to 87121. Offer valid today only."
spam,Limited offer: get loan approved instantly. Click claim-bonus-now.com to apply.
spam,"Dear user, your KYC failed. Update immediately on reward-center.net."
spam,Limited offer: get loan approved instantly. Click claim-bonus-now.com to apply. Offer valid today only.
spam,Your account is suspended. Verify details at reward-center.net immediately. Offer valid today only.
ham,Thanks for your help with the chemistry work. Please confirm.
ham,Mom asked if you can come home early today. Please confirm.
spam,"You have won a gift card worth Rs 75,000. Reply GIFT to 54545. Offer valid today only."
spam,"Vi promo: You won Rs 75,000 recharge coupon. Redeem at tinyurl.com/rewardfast. Offer valid today only."
ham,"I will be late by 10 minutes, traffic is heavy. Please confirm."
ham,Your appointment is confirmed for Thursday at 5:00 pm.
ham,Let us have lunch at the bus stop tomorrow.
ham,I reached home safely. Call me when you are free.
spam,"Dear user, your KYC failed. Update immediately on reward-center.net. Offer valid today only."
ham,Can you send me the notes for project before Wednesday?
spam,"Dear user, your KYC failed. Update immediately on claim-bonus-now.com. Offer valid today only."
spam,Earn Rs 5000 daily from home. Register at bit.ly/claim-now.
ham,Please transfer Rs 650 to my UPI when you can.
spam,Selected customer alert: get premium membership free. Confirm at reward-center.net.
spam,"You have won a gift card worth Rs 1,00,000. Reply GIFT to 56060. Offer valid today only."
spam,"WINNER! You have been selected to receive Rs 10,000 cash prize. Text WIN to 87121 now. Offer valid today only."
ham,Let us have lunch at the canteen tomorrow. Please confirm.
spam,"WINNER! You have been selected to receive Rs 50,000 cash prize. Text WIN to 12121 now."
ham,Can you send me the notes for project before Saturday?
spam,Hot singles near you are waiting. Visit reward-center.net now.
ham,Can you send me the notes for physics before Wednesday?
spam,Free entry in weekly contest to win bike. Send YES to 80808 today. Offer valid today only.
spam,Earn Rs 5000 daily from home. Register at tinyurl.com/rewardfast. Offer valid today only.
spam,Exclusive deal! Buy 1 get 3 free only today. Tap tinyurl.com/rewardfast. Offer valid today only.
ham,Please transfer Rs 900 to my UPI when you can.
ham,Dinner plan tonight at 11:00 am?
ham,Your appointment is confirmed for Friday at 5:00 pm.
spam,Selected customer alert: get premium membership free. Confirm at reward-center.net.
ham,"I left your book at the canteen, collect it when possible. Please confirm."
spam,"Vi promo: You won Rs 1,00,000 recharge coupon. Redeem at reward-center.net."
ham,Let us have lunch at the campus tomorrow. Please confirm.
spam,"You have won a gift card worth Rs 75,000. Reply GIFT to 87121. Offer valid today only."
ham,Can you send me the notes for report before Monday?
spam,Selected customer alert: get premium membership free. Confirm at claim-bonus-now.com.
ham,The class starts at 5:00 pm; do not be late.
spam,Congratulations! You are chosen for a free vacation. Call now on 90909.
ham,Thanks for your help with the assignment work.
spam,"Jio promo: You won Rs 75,000 recharge coupon. Redeem at tinyurl.com/rewardfast."
spam,Your account is suspended. Verify details at reward-center.net immediately. Offer valid today only.
spam,Exclusive deal! Buy 1 get 3 free only today. Tap tinyurl.com/rewardfast. Offer valid today only.
spam,Earn Rs 5000 daily from home. Register at tinyurl.com/rewardfast. Offer valid today only.
ham,Dinner plan tonight at 9:30 am?
spam,Act now! Last 2 hours to claim your jackpot prize at bit.ly/claim-now.
ham,"Hey Vikram, are we still meeting at 9:30 am near the mall?"
ham,Can you send me the notes for chemistry before Friday? Please confirm.
ham,"Hey Riya, are we still meeting at 5:00 pm near the office gate?"
spam,Act now! Last 2 hours to claim your jackpot prize at bit.ly/claim-now. Offer valid today only.
ham,Your appointment is confirmed for Monday at 8:00 am. Please confirm.
ham,Please transfer Rs 250 to my UPI when you can.
spam,Earn Rs 5000 daily from home. Register at bit.ly/claim-now.
ham,"Hey Priya, are we still meeting at 11:00 am near the station?"
spam,Selected customer alert: get premium membership free. Confirm at claim-bonus-now.com.
ham,Please pick up milk and bread on your way back.
spam,Your account is suspended. Verify details at bit.ly/claim-now immediately.
spam,URGENT! Your mobile number won a lucky draw for laptop. Reply CLAIM to 90909.
ham,Your appointment is confirmed for Saturday at 5:00 pm.
spam,Congratulations! You are chosen for a free vacation. Call now on 87121.
spam,Your account is suspended. Verify details at tinyurl.com/rewardfast immediately.
ham,Thanks for your help with the lab work work.
spam,Exclusive deal! Buy 1 get 3 free only today. Tap claim-bonus-now.com.
spam,Congratulations! You are chosen for a free vacation. Call now on 54545.
ham,The class starts at 6:30 pm; do not be late.
spam,Free entry in weekly contest to win smart watch. Send YES to 87121 today.
spam,Act now! Last 2 hours to claim your jackpot prize at claim-bonus-now.com.
spam,Your account is suspended. Verify details at reward-center.net immediately.
spam,"Airtel promo: You won Rs 75,000 recharge coupon. Redeem at bit.ly/claim-now."
spam,Your account is suspended. Verify details at reward-center.net immediately. Offer valid today only.
ham,The class starts at 8:00 am; do not be late.
ham,"Hey Arjun, are we still meeting at 8:00 am near the mall? Please confirm."
spam,Limited offer: get loan approved instantly. Click tinyurl.com/rewardfast to apply.
spam,Limited offer: get loan approved instantly. Click bit.ly/claim-now to apply.
ham,Dinner plan tonight at 6:30 pm?
ham,Please pick up milk and bread on your way back. Please confirm.
spam,"You have won a gift card worth Rs 50,000. Reply GIFT to 90909. Offer valid today only."
ham,"I left your book at the canteen, collect it when possible."
spam,"You have won a gift card worth Rs 1,00,000. Reply GIFT to 80808."
spam,Selected customer alert: get premium membership free. Confirm at bit.ly/claim-now.
ham,I reached home safely. Call me when you are free.
ham,Let us have lunch at the campus tomorrow.
spam,Congratulations! You are chosen for a free vacation. Call now on 56060.
ham,Your appointment is confirmed for Saturday at 11:00 am.
ham,"I will be late by 10 minutes, traffic is heavy. Please confirm."
ham,Mom asked if you can come home early today.
ham,The class starts at 5:00 pm; do not be late. Please confirm.
ham,The class starts at 8:00 am; do not be late.
spam,Free entry in weekly contest to win laptop. Send YES to 90909 today. Offer valid today only.
spam,"Dear user, your KYC failed. Update immediately on tinyurl.com/rewardfast."
ham,I reached home safely. Call me when you are free.
spam,"WINNER! You have been selected to receive Rs 25,000 cash prize. Text WIN to 80808 now."
ham,Let us have lunch at the mall tomorrow.
ham,The class starts at 11:00 am; do not be late.
ham,"I left your book at the canteen, collect it when possible. Please confirm."
spam,Congratulations! You are chosen for a free vacation. Call now on 80808. Offer valid today only.
ham,"Hey Priya, are we still meeting at 7:15 pm near the main road?"
ham,Can you send me the notes for chemistry before Friday?
ham,Let us have lunch at the park tomorrow. Please confirm.
spam,"WINNER! You have been selected to receive Rs 50,000 cash prize. Text WIN to 87121 now. Offer valid today only."
spam,"You have won a gift card worth Rs 50,000. Reply GIFT to 90909. Offer valid today only."
spam,Hot singles near you are waiting. Visit reward-center.net now. Offer valid today only.
ham,Mom asked if you can come home early today.
spam,Act now! Last 2 hours to claim your jackpot prize at reward-center.net. Offer valid today only.
ham,Mom asked if you can come home early today.
ham,Thanks for your help with the report work.
spam,Hot singles near you are waiting. Visit reward-center.net now.
ham,"I left your book at the mall, collect it when possible."
ham,"Hey Anita, are we still meeting at 9:30 am near the campus?"
ham,Thanks for your help with the presentation work.
ham,Dinner plan tonight at 6:30 pm? Please confirm.
spam,"Final notice! Claim your uncollected reward of Rs 75,000 by texting CLAIM to 56060."
ham,The class starts at 9:30 am; do not be late.
spam,Act now! Last 2 hours to claim your jackpot prize at tinyurl.com/rewardfast.
ham,Meeting moved to conference room at 9:30 am. Please confirm.
ham,"I left your book at the library, collect it when possible."
spam,Free entry in weekly contest to win smart watch. Send YES to 87121 today. Offer valid today only.
ham,The class starts at 11:00 am; do not be late.
ham,The class starts at 11:00 am; do not be late. Please confirm.
spam,"Final notice! Claim your uncollected reward of Rs 50,000 by texting CLAIM to 90909. Offer valid today only."
spam,Hot singles near you are waiting. Visit claim-bonus-now.com now.
spam,Earn Rs 5000 daily from home. Register at reward-center.net. Offer valid today only.
ham,"Hey Arjun, are we still meeting at 8:00 am near the mall?"
ham,The class starts at 11:00 am; do not be late.
ham,Meeting moved to conference room at 5:00 pm.
ham,Mom asked if you can come home early today.
ham,Dinner plan tonight at 6:30 pm?
spam,"Dear user, your KYC failed. Update immediately on bit.ly/claim-now."
ham,Let us have lunch at the park tomorrow.
spam,Free entry in weekly contest to win laptop. Send YES to 54545 today.
ham,I reached home safely. Call me when you are free.
spam,Congratulations! You are chosen for a free vacation. Call now on 12121.
spam,Selected customer alert: get premium membership free. Confirm at tinyurl.com/rewardfast. Offer valid today only.
spam,"Final notice! Claim your uncollected reward of Rs 25,000 by texting CLAIM to 12121."
ham,Dinner plan tonight at 7:15 pm? Please confirm.
ham,Thanks for your help with the project work.
spam,Selected customer alert: get premium membership free. Confirm at tinyurl.com/rewardfast.
ham,Let us have lunch at the bus stop tomorrow.
ham,Dinner plan tonight at 6:30 pm?
spam,"Vi promo: You won Rs 25,000 recharge coupon. Redeem at claim-bonus-now.com."
ham,"I left your book at the bus stop, collect it when possible."
spam,"You have won a gift card worth Rs 10,000. Reply GIFT to 87121."
ham,Can you send me the notes for assignment before Tuesday?
spam,Hot singles near you are waiting. Visit bit.ly/claim-now now. Offer valid today only.
ham,Dinner plan tonight at 8:00 am?
ham,Thanks for your help with the math work.
ham,Meeting moved to conference room at 11:00 am.
ham,Meeting moved to conference room at 7:15 pm. Please confirm.
spam,Act now! Last 2 hours to claim your jackpot prize at tinyurl.com/rewardfast.
spam,"Airtel promo: You won Rs 75,000 recharge coupon. Redeem at claim-bonus-now.com."
ham,Thanks for your help with the physics work. Please confirm.
spam,Act now! Last 2 hours to claim your jackpot prize at tinyurl.com/rewardfast. Offer valid today only.
ham,Can you send me the notes for report before Saturday?
spam,Your account is suspended. Verify details at claim-bonus-now.com immediately.
spam,Hot singles near you are waiting. Visit claim-bonus-now.com now.
ham,"I left your book at the park, collect it when possible."
ham,Can we reschedule to Monday 5:00 pm? Please confirm.
ham,Meeting moved to conference room at 6:30 pm.
ham,Please pick up milk and bread on your way back.
spam,"Vi promo: You won Rs 50,000 recharge coupon. Redeem at bit.ly/claim-now."
ham,Thanks for your help with the physics work.
spam,Free entry in weekly contest to win bike. Send YES to 56060 today. Offer valid today only.
spam,"Final notice! Claim your uncollected reward of Rs 10,000 by texting CLAIM to 12121."
ham,"I will be late by 10 minutes, traffic is heavy. Please confirm."
ham,The class starts at 9:30 am; do not be late.
spam,Act now! Last 2 hours to claim your jackpot prize at claim-bonus-now.com. Offer valid today only.
spam,"Final notice! Claim your uncollected reward of Rs 75,000 by texting CLAIM to 90909."
ham,Please pick up milk and bread on your way back. Please confirm.
spam,Congratulations! You are chosen for a free vacation. Call now on 12121.
spam,Your account is suspended. Verify details at bit.ly/claim-now immediately.
spam,"You have won a gift card worth Rs 50,000. Reply GIFT to 56060."
spam,Free entry in weekly contest to win phone. Send YES to 12121 today. Offer valid today only.
ham,The class starts at 7:15 pm; do not be late.
ham,Dinner plan tonight at 5:00 pm?
spam,Selected customer alert: get premium membership free. Confirm at reward-center.net.
ham,Please transfer Rs 1200 to my UPI when you can.
spam,"Dear user, your KYC failed. Update immediately on tinyurl.com/rewardfast."
spam,Hot singles near you are waiting. Visit claim-bonus-now.com now. Offer valid today only.
spam,Limited offer: get loan approved instantly. Click tinyurl.com/rewardfast to apply.
spam,Hot singles near you are waiting. Visit bit.ly/claim-now now.
ham,Dinner plan tonight at 9:30 am?
ham,Can we reschedule to Wednesday 11:00 am?
ham,Please transfer Rs 650 to my UPI when you can. Please confirm.
spam,"Vi promo: You won Rs 1,00,000 recharge coupon. Redeem at claim-bonus-now.com."
spam,Free entry in weekly contest to win smart watch. Send YES to 54545 today. Offer valid today only.
spam,Your account is suspended. Verify details at reward-center.net immediately.
spam,URGENT! Your mobile number won a lucky draw for headphones. Reply CLAIM to 56060.
ham,"I will be late by 10 minutes, traffic is heavy."
ham,Thanks for your help with the presentation work.
spam,"Final notice! Claim your uncollected reward of Rs 10,000 by texting CLAIM to 90909."
spam,"WINNER! You have been selected to receive Rs 75,000 cash prize. Text WIN to 54545 now."
ham,"Hey Anita, are we still meeting at 6:30 pm near the main road?"
ham,"I left your book at the park, collect it when possible."
spam,Selected customer alert: get premium membership free. Confirm at tinyurl.com/rewardfast.
ham,Can you send me the notes for math before Monday?
ham,"I will be late by 10 minutes, traffic is heavy."
ham,"I left your book at the park, collect it when possible. Please confirm."
ham,"I will be late by 10 minutes, traffic is heavy."
ham,Meeting moved to conference room at 9:30 am.
spam,URGENT! Your mobile number won a lucky draw for smart watch. Reply CLAIM to 56060. Offer valid today only.
ham,Let us have lunch at the station tomorrow.
spam,"You have won a gift card worth Rs 10,000. Reply GIFT to 12121. Offer valid today only."
ham,Please transfer Rs 250 to my UPI when you can.
spam,Hot singles near you are waiting. Visit reward-center.net now.
ham,Please pick up milk and bread on your way back. Please confirm.
ham,Your appointment is confirmed for Saturday at 9:30 am.
ham,"I left your book at the park, collect it when possible."
spam,URGENT! Your mobile number won a lucky draw for smart watch. Reply CLAIM to 12121.
spam,Earn Rs 5000 daily from home. Register at tinyurl.com/rewardfast.
ham,The class starts at 8:00 am; do not be late.
ham,Mom asked if you can come home early today.
spam,"BSNL promo: You won Rs 25,000 recharge coupon. Redeem at bit.ly/claim-now."
ham,Mom asked if you can come home early today.
spam,"WINNER! You have been selected to receive Rs 10,000 cash prize. Text WIN to 87121 now."
spam,"Dear user, your KYC failed. Update immediately on tinyurl.com/rewardfast."
ham,Let us have lunch at the campus tomorrow. Please confirm.
ham,Please transfer Rs 250 to my UPI when you can. Please confirm.
spam,URGENT! Your mobile number won a lucky draw for laptop. Reply CLAIM to 56060.
ham,"I left your book at the canteen, collect it when possible."
ham,Can we reschedule to Wednesday 5:00 pm?
spam,Act now! Last 2 hours to claim your jackpot prize at reward-center.net. Offer valid today only.
spam,URGENT! Your mobile number won a lucky draw for voucher. Reply CLAIM to 56060.
ham,"I left your book at the canteen, collect it when possible. Please confirm."
ham,Let us have lunch at the park tomorrow. Please confirm.
spam,Earn Rs 5000 daily from home. Register at reward-center.net. Offer valid today only.
ham,Dinner plan tonight at 11:00 am?
spam,Act now! Last 2 hours to claim your jackpot prize at bit.ly/claim-now. Offer valid today only.
spam,"Final notice! Claim your uncollected reward of Rs 25,000 by texting CLAIM to 12121."
spam,Act now! Last 2 hours to claim your jackpot prize at tinyurl.com/rewardfast. Offer valid today only.
ham,The class starts at 5:00 pm; do not be late.
ham,"I left your book at the station, collect it when possible."
spam,"You have won a gift card worth Rs 25,000. Reply GIFT to 80808."
spam,Limited offer: get loan approved instantly. Click tinyurl.com/rewardfast to apply.
ham,Please transfer Rs 250 to my UPI when you can.
ham,Please pick up milk and bread on your way back.
spam,"You have won a gift card worth Rs 75,000. Reply GIFT to 54545."
ham,"I will be late by 10 minutes, traffic is heavy. Please confirm."
spam,Exclusive deal! Buy 1 get 3 free only today. Tap claim-bonus-now.com.
ham,Thanks for your help with the physics work.
spam,Congratulations! You are chosen for a free vacation. Call now on 12121. Offer valid today only.
ham,Meeting moved to conference room at 8:00 am.
ham,Your appointment is confirmed for Monday at 5:00 pm. Please confirm.
spam,Free entry in weekly contest to win voucher. Send YES to 87121 today. Offer valid today only.
ham,Thanks for your help with the report work. Please confirm.
ham,Thanks for your help with the physics work.
spam,Earn Rs 5000 daily from home. Register at reward-center.net.
spam,Exclusive deal! Buy 1 get 3 free only today. Tap tinyurl.com/rewardfast.
spam,"WINNER! You have been selected to receive Rs 25,000 cash prize. Text WIN to 56060 now."
ham,Dinner plan tonight at 11:00 am? Please confirm.
spam,Exclusive deal! Buy 1 get 3 free only today. Tap reward-center.net.
ham,Dinner plan tonight at 9:30 am? Please confirm.
spam,Your account is suspended. Verify details at bit.ly/claim-now immediately.
spam,Hot singles near you are waiting. Visit claim-bonus-now.com now.
spam,Your account is suspended. Verify details at bit.ly/claim-now immediately.
spam,Selected customer alert: get premium membership free. Confirm at tinyurl.com/rewardfast. Offer valid today only.
ham,"Hey Riya, are we still meeting at 9:30 am near the office gate?"
spam,Limited offer: get loan approved instantly. Click bit.ly/claim-now to apply.
spam,Earn Rs 5000 daily from home. Register at claim-bonus-now.com.
spam,"You have won a gift card worth Rs 25,000. Reply GIFT to 90909. Offer valid today only."
ham,"I left your book at the bus stop, collect it when possible."
ham,Please pick up milk and bread on your way back.
ham,"I left your book at the main road, collect it when possible. Please confirm."
spam,Free entry in weekly contest to win smart watch. Send YES to 54545 today.
spam,"Dear user, your KYC failed. Update immediately on bit.ly/claim-now. Offer valid today only."
spam,Selected customer alert: get premium membership free. Confirm at bit.ly/claim-now. Offer valid today only.
ham,Can we reschedule to Saturday 6:30 pm?
ham,The class starts at 8:00 am; do not be late. Please confirm.
ham,Thanks for your help with the project work. Please confirm.
spam,Hot singles near you are waiting. Visit claim-bonus-now.com now.
spam,"You have won a gift card worth Rs 75,000. Reply GIFT to 80808. Offer valid today only."
ham,"I left your book at the main road, collect it when possible."
ham,Mom asked if you can come home early today.
spam,Act now! Last 2 hours to claim your jackpot prize at reward-center.net.
ham,"I left your book at the library, collect it when possible. Please confirm."
ham,Mom asked if you can come home early today. Please confirm.
spam,Congratulations! You are chosen for a free vacation. Call now on 90909.
spam,Exclusive deal! Buy 1 get 3 free only today. Tap tinyurl.com/rewardfast. Offer valid today only.
spam,Exclusive deal! Buy 1 get 3 free only today. Tap bit.ly/claim-now. Offer valid today only.
ham,"I left your book at the campus, collect it when possible."
spam,URGENT! Your mobile number won a lucky draw for headphones. Reply CLAIM to 90909.
ham,Let us have lunch at the park tomorrow. Please confirm.
spam,Limited offer: get loan approved instantly. Click reward-center.net to apply.
ham,Let us have lunch at the main road tomorrow.
ham,Mom asked if you can come home early today.
ham,The class starts at 8:00 am; do not be late.
ham,Please pick up milk and bread on your way back. Please confirm.
spam,Free entry in weekly contest to win voucher. Send YES to 12121 today.
ham,Thanks for your help with the lab work work. Please confirm.
spam,Hot singles near you are waiting. Visit bit.ly/claim-now now. Offer valid today only.
ham,I reached home safely. Call me when you are free.
spam,Act now! Last 2 hours to claim your jackpot prize at tinyurl.com/rewardfast. Offer valid today only.
spam,URGENT! Your mobile number won a lucky draw for headphones. Reply CLAIM to 90909. Offer valid today only.
spam,Selected customer alert: get premium membership free. Confirm at bit.ly/claim-now.
spam,"BSNL promo: You won Rs 25,000 recharge coupon. Redeem at reward-center.net."
spam,Free entry in weekly contest to win voucher. Send YES to 87121 today. Offer valid today only.
ham,"Hey Arjun, are we still meeting at 5:00 pm near the office gate?"
spam,"Dear user, your KYC failed. Update immediately on reward-center.net."
spam,Selected customer alert: get premium membership free. Confirm at bit.ly/claim-now.
spam,"Dear user, your KYC failed. Update immediately on reward-center.net. Offer valid today only."
spam,Selected customer alert: get premium membership free. Confirm at tinyurl.com/rewardfast. Offer valid today only.
spam,"Final notice! Claim your uncollected reward of Rs 75,000 by texting CLAIM to 80808. Offer valid today only."
ham,Thanks for your help with the assignment work.
ham,Please transfer Rs 650 to my UPI when you can.
ham,I reached home safely. Call me when you are free.
ham,Let us have lunch at the station tomorrow.
spam,"WINNER! You have been selected to receive Rs 10,000 cash prize. Text WIN to 80808 now."
ham,Please pick up milk and bread on your way back.
spam,Congratulations! You are chosen for a free vacation. Call now on 12121.
spam,Your account is suspended. Verify details at claim-bonus-now.com immediately.
ham,Please pick up milk and bread on your way back.
ham,Meeting moved to conference room at 7:15 pm. Please confirm.
ham,Let us have lunch at the park tomorrow. Please confirm.
ham,I reached home safely. Call me when you are free. Please confirm.
spam,Earn Rs 5000 daily from home. Register at bit.ly/claim-now.
spam,Act now! Last 2 hours to claim your jackpot prize at tinyurl.com/rewardfast. Offer valid today only.
ham,"I will be late by 10 minutes, traffic is heavy."
ham,Dinner plan tonight at 6:30 pm? Please confirm.
spam,Your account is suspended. Verify details at claim-bonus-now.com immediately. Offer valid today only.
spam,Free entry in weekly contest to win headphones. Send YES to 87121 today.
spam,Exclusive deal! Buy 1 get 3 free only today. Tap reward-center.net.
spam,Limited offer: get loan approved instantly. Click claim-bonus-now.com to apply.
spam,URGENT! Your mobile number won a lucky draw for voucher. Reply CLAIM to 87121. Offer valid today only.
ham,"I left your book at the campus, collect it when possible."
spam,"Final notice! Claim your uncollected reward of Rs 1,00,000 by texting CLAIM to 12121."
ham,Meeting moved to conference room at 6:30 pm.
ham,Please pick up milk and bread on your way back. Please confirm.
ham,"Hey Arjun, are we still meeting at 9:30 am near the library?"
spam,Limited offer: get loan approved instantly. Click bit.ly/claim-now to apply.
ham,"I will be late by 10 minutes, traffic is heavy. Please confirm."
ham,"I left your book at the bus stop, collect it when possible."
ham,"I left your book at the park, collect it when possible. Please confirm."
ham,"I will be late by 10 minutes, traffic is heavy. Please confirm."
ham,Can you send me the notes for report before Tuesday? Please confirm.
ham,Can you send me the notes for chemistry before Wednesday?
ham,Please transfer Rs 1200 to my UPI when you can.
ham,Can we reschedule to Tuesday 7:15 pm?
ham,Dinner plan tonight at 9:30 am?
spam,Exclusive deal! Buy 1 get 3 free only today. Tap reward-center.net. Offer valid today only.
spam,"Dear user, your KYC failed. Update immediately on claim-bonus-now.com."
ham,Can you send me the notes for chemistry before Friday?
spam,Exclusive deal! Buy 1 get 3 free only today. Tap bit.ly/claim-now. Offer valid today only.
ham,"I will be late by 10 minutes, traffic is heavy."
spam,Selected customer alert: get premium membership free. Confirm at claim-bonus-now.com.
spam,Act now! Last 2 hours to claim your jackpot prize at bit.ly/claim-now. Offer valid today only.
ham,Your appointment is confirmed for Monday at 7:15 pm. Please confirm.
ham,"I left your book at the park, collect it when possible. Please confirm."
ham,Thanks for your help with the physics work.
ham,Please pick up milk and bread on your way back.
spam,URGENT! Your mobile number won a lucky draw for bike. Reply CLAIM to 54545. Offer valid today only.
ham,"I left your book at the park, collect it when possible."
spam,Earn Rs 5000 daily from home. Register at reward-center.net. Offer valid today only.
spam,Hot singles near you are waiting. Visit tinyurl.com/rewardfast now.
ham,Can we reschedule to Tuesday 11:00 am? Please confirm.
spam,Exclusive deal! Buy 1 get 3 free only today. Tap reward-center.net.
spam,Earn Rs 5000 daily from home. Register at claim-bonus-now.com.
spam,Hot singles near you are waiting. Visit tinyurl.com/rewardfast now.
spam,"Final notice! Claim your uncollected reward of Rs 10,000 by texting CLAIM to 80808. Offer valid today only."
spam,Limited offer: get loan approved instantly. Click claim-bonus-now.com to apply.
ham,Mom asked if you can come home early today.
ham,Mom asked if you can come home early today.
spam,"WINNER! You have been selected to receive Rs 75,000 cash prize. Text WIN to 56060 now."
spam,"Final notice! Claim your uncollected reward of Rs 1,00,000 by texting CLAIM to 80808. Offer valid today only."
ham,Dinner plan tonight at 11:00 am? Please confirm.
ham,Meeting moved to conference room at 6:30 pm.
ham,Please transfer Rs 1200 to my UPI when you can. Please confirm.
ham,Please transfer Rs 650 to my UPI when you can.
spam,"BSNL promo: You won Rs 1,00,000 recharge coupon. Redeem at reward-center.net."
ham,Please transfer Rs 1200 to my UPI when you can.
spam,"WINNER! You have been selected to receive Rs 75,000 cash prize. Text WIN to 90909 now."
ham,Your appointment is confirmed for Monday at 7:15 pm.
ham,The class starts at 8:00 am; do not be late. Please confirm.
spam,Earn Rs 5000 daily from home. Register at bit.ly/claim-now. Offer valid today only.
ham,"I left your book at the bus stop, collect it when possible. Please confirm."
ham,Let us have lunch at the park tomorrow. Please confirm.
ham,Thanks for your help with the math work.
ham,Your appointment is confirmed for Saturday at 11:00 am.
spam,Act now! Last 2 hours to claim your jackpot prize at bit.ly/claim-now.
spam,Earn Rs 5000 daily from home. Register at reward-center.net.
spam,Free entry in weekly contest to win laptop. Send YES to 90909 today. Offer valid today only.
spam,Limited offer: get loan approved instantly. Click reward-center.net to apply.
spam,URGENT! Your mobile number won a lucky draw for headphones. Reply CLAIM to 80808.
ham,The class starts at 7:15 pm; do not be late. Please confirm.
spam,"BSNL promo: You won Rs 75,000 recharge coupon. Redeem at claim-bonus-now.com. Offer valid today only."
spam,Selected customer alert: get premium membership free. Confirm at bit.ly/claim-now.
spam,Exclusive deal! Buy 1 get 3 free only today. Tap bit.ly/claim-now. Offer valid today only.
spam,Congratulations! You are chosen for a free vacation. Call now on 90909. Offer valid today only.
ham,Let us have lunch at the campus tomorrow. Please confirm.
spam,Earn Rs 5000 daily from home. Register at tinyurl.com/rewardfast.
ham,Thanks for your help with the report work.
ham,Please pick up milk and bread on your way back.
spam,URGENT! Your mobile number won a lucky draw for headphones. Reply CLAIM to 54545.
ham,Please transfer Rs 650 to my UPI when you can. Please confirm.
spam,Hot singles near you are waiting. Visit bit.ly/claim-now now.
spam,"Airtel promo: You won Rs 50,000 recharge coupon. Redeem at tinyurl.com/rewardfast."
spam,"You have won a gift card worth Rs 75,000. Reply GIFT to 54545. Offer valid today only."
ham,Dinner plan tonight at 9:30 am? Please confirm.
spam,"WINNER! You have been selected to receive Rs 10,000 cash prize. Text WIN to 12121 now. Offer valid today only."
spam,"Dear user, your KYC failed. Update immediately on bit.ly/claim-now. Offer valid today only."
ham,"Hey Riya, are we still meeting at 5:00 pm near the station? Please confirm."
ham,Please pick up milk and bread on your way back. Please confirm.
spam,Hot singles near you are waiting. Visit claim-bonus-now.com now. Offer valid today only.
ham,"I left your book at the office gate, collect it when possible. Please confirm."
ham,Please transfer Rs 900 to my UPI when you can.
spam,"Vi promo: You won Rs 25,000 recharge coupon. Redeem at reward-center.net."
ham,"Hey Rahul, are we still meeting at 8:00 am near the station? Please confirm."
spam,Earn Rs 5000 daily from home. Register at claim-bonus-now.com.
ham,Let us have lunch at the mall tomorrow. Please confirm.
spam,"Dear user, your KYC failed. Update immediately on bit.ly/claim-now."
spam,Exclusive deal! Buy 1 get 3 free only today. Tap bit.ly/claim-now. Offer valid today only.
ham,The class starts at 6:30 pm; do not be late.
ham,The class starts at 6:30 pm; do not be late. Please confirm.
ham,"I will be late by 10 minutes, traffic is heavy. Please confirm."
ham,Please pick up milk and bread on your way back.
ham,Mom asked if you can come home early today.
spam,"You have won a gift card worth Rs 10,000. Reply GIFT to 80808. Offer valid today only."
ham,Dinner plan tonight at 7:15 pm?
ham,Thanks for your help with the report work.
ham,Dinner plan tonight at 6:30 pm?
spam,Hot singles near you are waiting. Visit reward-center.net now. Offer valid today only.
ham,Can you send me the notes for lab work before Saturday?
ham,"Hey Sara, are we still meeting at 11:00 am near the park? Please confirm."
ham,Your appointment is confirmed for Friday at 9:30 am.
spam,Congratulations! You are chosen for a free vacation. Call now on 54545.
spam,Earn Rs 5000 daily from home. Register at reward-center.net.
ham,Your appointment is confirmed for Tuesday at 6:30 pm.
ham,"Hey Sara, are we still meeting at 5:00 pm near the canteen?"
ham,The class starts at 9:30 am; do not be late.
ham,Dinner plan tonight at 6:30 pm?
spam,"Airtel promo: You won Rs 75,000 recharge coupon. Redeem at claim-bonus-now.com. Offer valid today only."
spam,Your account is suspended. Verify details at tinyurl.com/rewardfast immediately.
ham,Your appointment is confirmed for Thursday at 9:30 am.
ham,Thanks for your help with the presentation work.
spam,Congratulations! You are chosen for a free vacation. Call now on 54545.
ham,Mom asked if you can come home early today.
ham,Let us have lunch at the library tomorrow.
ham,I reached home safely. Call me when you are free. Please confirm.
ham,Please transfer Rs 250 to my UPI when you can.
spam,URGENT! Your mobile number won a lucky draw for smart watch. Reply CLAIM to 80808. Offer valid today only.
spam,Limited offer: get loan approved instantly. Click bit.ly/claim-now to apply.
ham,Please pick up milk and bread on your way back.
ham,Please pick up milk and bread on your way back. Please confirm.
spam,Hot singles near you are waiting. Visit claim-bonus-now.com now.
ham,"Hey Riya, are we still meeting at 8:00 am near the station?"
ham,"I will be late by 10 minutes, traffic is heavy."
spam,Congratulations! You are chosen for a free vacation. Call now on 56060. Offer valid today only.
spam,Your account is suspended. Verify details at reward-center.net immediately.
ham,Can we reschedule to Saturday 6:30 pm? Please confirm.
ham,Your appointment is confirmed for Saturday at 5:00 pm. Please confirm.
spam,Limited offer: get loan approved instantly. Click bit.ly/claim-now to apply.
spam,Exclusive deal! Buy 1 get 3 free only today. Tap reward-center.net. Offer valid today only.
spam,Selected customer alert: get premium membership free. Confirm at tinyurl.com/rewardfast.
spam,Limited offer: get loan approved instantly. Click claim-bonus-now.com to apply. Offer valid today only.
spam,Selected customer alert: get premium membership free. Confirm at bit.ly/claim-now.
spam,"You have won a gift card worth Rs 25,000. Reply GIFT to 54545."
ham,Thanks for your help with the project work. Please confirm.
ham,Dinner plan tonight at 8:00 am?
ham,Please transfer Rs 250 to my UPI when you can.
ham,Mom asked if you can come home early today. Please confirm.
ham,"I left your book at the office gate, collect it when possible."
spam,Free entry in weekly contest to win bike. Send YES to 54545 today.
ham,Let us have lunch at the library tomorrow.
spam,Hot singles near you are waiting. Visit tinyurl.com/rewardfast now. Offer valid today only.
spam,"You have won a gift card worth Rs 50,000. Reply GIFT to 56060."
ham,I reached home safely. Call me when you are free.
ham,"Hey Riya, are we still meeting at 11:00 am near the mall? Please confirm."
spam,Limited offer: get loan approved instantly. Click tinyurl.com/rewardfast to apply. Offer valid today only.
spam,Limited offer: get loan approved instantly. Click claim-bonus-now.com to apply. Offer valid today only.
spam,Selected customer alert: get premium membership free. Confirm at claim-bonus-now.com.
spam,Exclusive deal! Buy 1 get 3 free only today. Tap bit.ly/claim-now.
spam,Act now! Last 2 hours to claim your jackpot prize at reward-center.net. Offer valid today only.
ham,Meeting moved to conference room at 11:00 am.
ham,Dinner plan tonight at 11:00 am?
ham,Can you send me the notes for assignment before Tuesday?
spam,Act now! Last 2 hours to claim your jackpot prize at tinyurl.com/rewardfast.
spam,Exclusive deal! Buy 1 get 3 free only today. Tap claim-bonus-now.com. Offer valid today only.
spam,"WINNER! You have been selected to receive Rs 10,000 cash prize. Text WIN to 54545 now."
ham,Meeting moved to conference room at 11:00 am. Please confirm.
spam,"BSNL promo: You won Rs 1,00,000 recharge coupon. Redeem at bit.ly/claim-now."
spam,URGENT! Your mobile number won a lucky draw for bike. Reply CLAIM to 90909. Offer valid today only.
spam,URGENT! Your mobile number won a lucky draw for smart watch. Reply CLAIM to 56060.
spam,"WINNER! You have been selected to receive Rs 25,000 cash prize. Text WIN to 90909 now."
spam,Congratulations! You are chosen for a free vacation. Call now on 54545. Offer valid today only.
ham,Please transfer Rs 1200 to my UPI when you can. Please confirm.
spam,Selected customer alert: get premium membership free. Confirm at bit.ly/claim-now. Offer valid today only.
spam,Selected customer alert: get premium membership free. Confirm at tinyurl.com/rewardfast.
ham,Please transfer Rs 400 to my UPI when you can.
ham,Thanks for your help with the math work.
spam,"Final notice! Claim your uncollected reward of Rs 10,000 by texting CLAIM to 90909."
spam,Hot singles near you are waiting. Visit claim-bonus-now.com now.
ham,"Hey John, are we still meeting at 7:15 pm near the bus stop?"
spam,Act now! Last 2 hours to claim your jackpot prize at claim-bonus-now.com.
ham,Meeting moved to conference room at 8:00 am.
ham,Can we reschedule to Thursday 8:00 am?
spam,Congratulations! You are chosen for a free vacation. Call now on 56060. Offer valid today only.
ham,"Hey John, are we still meeting at 6:30 pm near the library? Please confirm."
spam,"You have won a gift card worth Rs 25,000. Reply GIFT to 87121."
spam,URGENT! Your mobile number won a lucky draw for smart watch. Reply CLAIM to 80808. Offer valid today only.
spam,Congratulations! You are chosen for a free vacation. Call now on 90909.
spam,Exclusive deal! Buy 1 get 3 free only today. Tap reward-center.net. Offer valid today only.
spam,Free entry in weekly contest to win bike. Send YES to 80808 today.
ham,"I left your book at the campus, collect it when possible."
ham,Let us have lunch at the campus tomorrow.
ham,I reached home safely. Call me when you are free.
spam,"WINNER! You have been selected to receive Rs 50,000 cash prize. Text WIN to 54545 now. Offer valid today only."
ham,"Hey Vikram, are we still meeting at 7:15 pm near the mall? Please confirm."
ham,"Hey Amit, are we still meeting at 8:00 am near the mall?"
ham,Can you send me the notes for physics before Monday?
ham,"I left your book at the mall, collect it when possible."
spam,"Jio promo: You won Rs 25,000 recharge coupon. Redeem at reward-center.net."
ham,Your appointment is confirmed for Saturday at 11:00 am.
spam,Exclusive deal! Buy 1 get 3 free only today. Tap bit.ly/claim-now. Offer valid today only.
ham,Thanks for your help with the presentation work. Please confirm.
ham,Can we reschedule to Monday 11:00 am?
ham,Please transfer Rs 900 to my UPI when you can.
ham,Can we reschedule to Wednesday 8:00 am?
spam,URGENT! Your mobile number won a lucky draw for phone. Reply CLAIM to 87121.
ham,Please transfer Rs 400 to my UPI when you can. Please confirm.
spam,"Dear user, your KYC failed. Update immediately on claim-bonus-now.com."
ham,Let us have lunch at the mall tomorrow.
spam,Your account is suspended. Verify details at tinyurl.com/rewardfast immediately.
ham,Please transfer Rs 400 to my UPI when you can.
ham,Dinner plan tonight at 8:00 am?
spam,Your account is suspended. Verify details at tinyurl.com/rewardfast immediately. Offer valid today only.
spam,Free entry in weekly contest to win phone. Send YES to 80808 today.
ham,Can you send me the notes for chemistry before Monday?
spam,"Final notice! Claim your uncollected reward of Rs 50,000 by texting CLAIM to 90909. Offer valid today only."
spam,"Final notice! Claim your uncollected reward of Rs 75,000 by texting CLAIM to 90909."
ham,"Hey John, are we still meeting at 7:15 pm near the bus stop?"
spam,Your account is suspended. Verify details at tinyurl.com/rewardfast immediately.
spam,Act now! Last 2 hours to claim your jackpot prize at claim-bonus-now.com.
ham,Your appointment is confirmed for Friday at 11:00 am.
ham,I reached home safely. Call me when you are free.
spam,Congratulations! You are chosen for a free vacation. Call now on 54545. Offer valid today only.
spam,Hot singles near you are waiting. Visit claim-bonus-now.com now.
ham,"I will be late by 10 minutes, traffic is heavy. Please confirm."
spam,"Jio promo: You won Rs 75,000 recharge coupon. Redeem at bit.ly/claim-now."
ham,Please pick up milk and bread on your way back.
ham,Meeting moved to conference room at 8:00 am.
spam,Selected customer alert: get premium membership free. Confirm at claim-bonus-now.com.
spam,Earn Rs 5000 daily from home. Register at reward-center.net.
ham,Let us have lunch at the campus tomorrow. Please confirm.
ham,"I will be late by 10 minutes, traffic is heavy. Please confirm."
spam,"Final notice! Claim your uncollected reward of Rs 50,000 by texting CLAIM to 90909."
ham,Please transfer Rs 900 to my UPI when you can. Please confirm.
ham,Thanks for your help with the physics work. Please confirm.
spam,Earn Rs 5000 daily from home. Register at bit.ly/claim-now.
spam,"You have won a gift card worth Rs 1,00,000. Reply GIFT to 80808."
ham,I reached home safely. Call me when you are free.
ham,Can we reschedule to Saturday 9:30 am? Please confirm.
ham,I reached home safely. Call me when you are free.
spam,Selected customer alert: get premium membership free. Confirm at reward-center.net. Offer valid today only.
spam,Earn Rs 5000 daily from home. Register at claim-bonus-now.com.
ham,Can you send me the notes for report before Thursday?
spam,Hot singles near you are waiting. Visit tinyurl.com/rewardfast now. Offer valid today only.
spam,Act now! Last 2 hours to claim your jackpot prize at claim-bonus-now.com.
ham,Thanks for your help with the math work.
ham,Mom asked if you can come home early today. Please confirm.
ham,I reached home safely. Call me when you are free.
spam,"Dear user, your KYC failed. Update immediately on claim-bonus-now.com."
ham,The class starts at 8:00 am; do not be late.
spam,"You have won a gift card worth Rs 10,000. Reply GIFT to 90909. Offer valid today only."
ham,Thanks for your help with the chemistry work.
ham,Your appointment is confirmed for Friday at 6:30 pm.
spam,Exclusive deal! Buy 1 get 3 free only today. Tap claim-bonus-now.com. Offer valid today only.
spam,Selected customer alert: get premium membership free. Confirm at claim-bonus-now.com.
ham,Dinner plan tonight at 9:30 am?
spam,Free entry in weekly contest to win headphones. Send YES to 54545 today. Offer valid today only.
ham,Let us have lunch at the park tomorrow.
ham,Can we reschedule to Thursday 11:00 am?
spam,"WINNER! You have been selected to receive Rs 10,000 cash prize. Text WIN to 12121 now. Offer valid today only."
spam,Hot singles near you are waiting. Visit bit.ly/claim-now now.
spam,Hot singles near you are waiting. Visit reward-center.net now. Offer valid today only.
spam,Your account is suspended. Verify details at reward-center.net immediately.
ham,Mom asked if you can come home early today.
spam,Congratulations! You are chosen for a free vacation. Call now on 12121. Offer valid today only.
spam,URGENT! Your mobile number won a lucky draw for laptop. Reply CLAIM to 90909.
spam,Exclusive deal! Buy 1 get 3 free only today. Tap claim-bonus-now.com. Offer valid today only.
spam,Hot singles near you are waiting. Visit claim-bonus-now.com now. Offer valid today only.
spam,"WINNER! You have been selected to receive Rs 10,000 cash prize. Text WIN to 54545 now. Offer valid today only."
spam,Congratulations! You are chosen for a free vacation. Call now on 54545.
ham,I reached home safely. Call me when you are free.
ham,Dinner plan tonight at 5:00 pm?
spam,URGENT! Your mobile number won a lucky draw for voucher. Reply CLAIM to 56060. Offer valid today only.
ham,"Hey Riya, are we still meeting at 11:00 am near the station? Please confirm."
ham,Thanks for your help with the report work. Please confirm.
spam,Act now! Last 2 hours to claim your jackpot prize at bit.ly/claim-now. Offer valid today only.
ham,"I left your book at the station, collect it when possible."
ham,"I will be late by 10 minutes, traffic is heavy."
spam,"WINNER! You have been selected to receive Rs 25,000 cash prize. Text WIN to 56060 now. Offer valid today only."
ham,Your appointment is confirmed for Tuesday at 11:00 am.
spam,"You have won a gift card worth Rs 10,000. Reply GIFT to 87121. Offer valid today only."
ham,Meeting moved to conference room at 7:15 pm.
spam,"Final notice! Claim your uncollected reward of Rs 25,000 by texting CLAIM to 12121. Offer valid today only."
spam,Congratulations! You are chosen for a free vacation. Call now on 87121. Offer valid today only.
spam,Your account is suspended. Verify details at reward-center.net immediately.
spam,"Final notice! Claim your uncollected reward of Rs 75,000 by texting CLAIM to 54545."
spam,"Final notice! Claim your uncollected reward of Rs 1,00,000 by texting CLAIM to 54545."
spam,URGENT! Your mobile number won a lucky draw for voucher. Reply CLAIM to 12121. Offer valid today only.
spam,Congratulations! You are chosen for a free vacation. Call now on 12121. Offer valid today only.
ham,Your appointment is confirmed for Monday at 7:15 pm.
ham,Let us have lunch at the bus stop tomorrow. Please confirm.
spam,Congratulations! You are chosen for a free vacation. Call now on 12121.
spam,Your account is suspended. Verify details at tinyurl.com/rewardfast immediately.
spam,Free entry in weekly contest to win smart watch. Send YES to 12121 today.
spam,"Vi promo: You won Rs 1,00,000 recharge coupon. Redeem at reward-center.net. Offer valid today only."
spam,"Final notice! Claim your uncollected reward of Rs 25,000 by texting CLAIM to 80808."
spam,Congratulations! You are chosen for a free vacation. Call now on 90909.
ham,"Hey Anita, are we still meeting at 11:00 am near the campus? Please confirm."
spam,Congratulations! You are chosen for a free vacation. Call now on 90909. Offer valid today only.
ham,Please pick up milk and bread on your way back. Please confirm.
spam,"Dear user, your KYC failed. Update immediately on claim-bonus-now.com."
spam,"You have won a gift card worth Rs 50,000. Reply GIFT to 56060. Offer valid today only."
spam,"Vi promo: You won Rs 25,000 recharge coupon. Redeem at claim-bonus-now.com."
ham,"Hey John, are we still meeting at 8:00 am near the canteen? Please confirm."
spam,Free entry in weekly contest to win headphones. Send YES to 87121 today.
spam,Selected customer alert: get premium membership free. Confirm at bit.ly/claim-now.
spam,"Dear user, your KYC failed. Update immediately on claim-bonus-now.com."
ham,Meeting moved to conference room at 5:00 pm.
spam,Limited offer: get loan approved instantly. Click claim-bonus-now.com to apply.
spam,Selected customer alert: get premium membership free. Confirm at tinyurl.com/rewardfast. Offer valid today only.
spam,"Dear user, your KYC failed. Update immediately on bit.ly/claim-now."
ham,"I left your book at the main road, collect it when possible. Please confirm."
ham,Let us have lunch at the station tomorrow. Please confirm.
spam,Selected customer alert: get premium membership free. Confirm at tinyurl.com/rewardfast. Offer valid today only.
spam,URGENT! Your mobile number won a lucky draw for bike. Reply CLAIM to 12121.
spam,Free entry in weekly contest to win bike. Send YES to 80808 today. Offer valid today only.
ham,Thanks for your help with the report work.
spam,"Final notice! Claim your uncollected reward of Rs 1,00,000 by texting CLAIM to 90909."
spam,Exclusive deal! Buy 1 get 3 free only today. Tap claim-bonus-now.com.
ham,Your appointment is confirmed for Thursday at 6:30 pm.
ham,Let us have lunch at the office gate tomorrow.
spam,Act now! Last 2 hours to claim your jackpot prize at claim-bonus-now.com.
spam,"Jio promo: You won Rs 1,00,000 recharge coupon. Redeem at claim-bonus-now.com. Offer valid today only."
spam,Earn Rs 5000 daily from home. Register at bit.ly/claim-now.
spam,"Dear user, your KYC failed. Update immediately on claim-bonus-now.com."
ham,Thanks for your help with the math work.
ham,The class starts at 9:30 am; do not be late.
ham,Let us have lunch at the bus stop tomorrow.
spam,Hot singles near you are waiting. Visit claim-bonus-now.com now. Offer valid today only.
spam,Earn Rs 5000 daily from home. Register at bit.ly/claim-now.
spam,Hot singles near you are waiting. Visit reward-center.net now.
spam,"Dear user, your KYC failed. Update immediately on claim-bonus-now.com."
ham,Can we reschedule to Monday 7:15 pm?
ham,"I left your book at the office gate, collect it when possible. Please confirm."
spam,"Vi promo: You won Rs 25,000 recharge coupon. Redeem at tinyurl.com/rewardfast. Offer valid today only."
ham,Mom asked if you can come home early today. Please confirm.
spam,"Final notice! Claim your uncollected reward of Rs 25,000 by texting CLAIM to 80808. Offer valid today only."
ham,Can you send me the notes for project before Monday?
ham,Please transfer Rs 400 to my UPI when you can. Please confirm.
spam,"Dear user, your KYC failed. Update immediately on claim-bonus-now.com. Offer valid today only."
spam,URGENT! Your mobile number won a lucky draw for voucher. Reply CLAIM to 90909.
ham,Thanks for your help with the chemistry work. Please confirm.
spam,"You have won a gift card worth Rs 50,000. Reply GIFT to 54545."
spam,"Airtel promo: You won Rs 25,000 recharge coupon. Redeem at claim-bonus-now.com."
spam,Earn Rs 5000 daily from home. Register at reward-center.net.
spam,Congratulations! You are chosen for a free vacation. Call now on 56060. Offer valid today only.
ham,Let us have lunch at the main road tomorrow.
ham,Please pick up milk and bread on your way back. Please confirm.
spam,URGENT! Your mobile number won a lucky draw for headphones. Reply CLAIM to 80808.
spam,Hot singles near you are waiting. Visit reward-center.net now. Offer valid today only.
ham,I reached home safely. Call me when you are free.
spam,Limited offer: get loan approved instantly. Click tinyurl.com/rewardfast to apply.
ham,Can we reschedule to Saturday 5:00 pm? Please confirm.
spam,"You have won a gift card worth Rs 50,000. Reply GIFT to 87121."
ham,Your appointment is confirmed for Thursday at 11:00 am.
spam,Limited offer: get loan approved instantly. Click tinyurl.com/rewardfast to apply.
ham,"Hey Sara, are we still meeting at 7:15 pm near the station?"
spam,Your account is suspended. Verify details at bit.ly/claim-now immediately.
ham,Let us have lunch at the canteen tomorrow.
ham,The class starts at 5:00 pm; do not be late. Please confirm.
ham,Let us have lunch at the campus tomorrow.
spam,"WINNER! You have been selected to receive Rs 25,000 cash prize. Text WIN to 80808 now."
ham,Let us have lunch at the office gate tomorrow.
ham,Dinner plan tonight at 8:00 am? Please confirm.
spam,Hot singles near you are waiting. Visit bit.ly/claim-now now.
ham,Meeting moved to conference room at 6:30 pm. Please confirm.
spam,Exclusive deal! Buy 1 get 3 free only today. Tap bit.ly/claim-now. Offer valid today only.
ham,Dinner plan tonight at 7:15 pm?
ham,I reached home safely. Call me when you are free.
ham,The class starts at 8:00 am; do not be late.
spam,Free entry in weekly contest to win smart watch. Send YES to 56060 today.
ham,"I left your book at the bus stop, collect it when possible. Please confirm."
spam,Exclusive deal! Buy 1 get 3 free only today. Tap bit.ly/claim-now.
spam,Free entry in weekly contest to win laptop. Send YES to 87121 today.
spam,"Final notice! Claim your uncollected reward of Rs 25,000 by texting CLAIM to 56060."
ham,"Hey Arjun, are we still meeting at 11:00 am near the bus stop? Please confirm."
ham,Mom asked if you can come home early today. Please confirm.
ham,Dinner plan tonight at 7:15 pm?
ham,Your appointment is confirmed for Monday at 11:00 am.
ham,Meeting moved to conference room at 7:15 pm.
ham,I reached home safely. Call me when you are free.
spam,URGENT! Your mobile number won a lucky draw for laptop. Reply CLAIM to 87121. Offer valid today only.
ham,Can you send me the notes for math before Thursday?
spam,"WINNER! You have been selected to receive Rs 1,00,000 cash prize. Text WIN to 54545 now."
spam,Earn Rs 5000 daily from home. Register at claim-bonus-now.com.
ham,Mom asked if you can come home early today.
ham,Can you send me the notes for presentation before Thursday?
ham,Please transfer Rs 400 to my UPI when you can.
ham,The class starts at 8:00 am; do not be late.
spam,"Final notice! Claim your uncollected reward of Rs 50,000 by texting CLAIM to 56060. Offer valid today only."
spam,"Airtel promo: You won Rs 10,000 recharge coupon. Redeem at claim-bonus-now.com. Offer valid today only."
spam,"WINNER! You have been selected to receive Rs 75,000 cash prize. Text WIN to 87121 now."
ham,"I left your book at the mall, collect it when possible."
ham,Please pick up milk and bread on your way back.
spam,Selected customer alert: get premium membership free. Confirm at claim-bonus-now.com. Offer valid today only.
spam,Exclusive deal! Buy 1 get 3 free only today. Tap bit.ly/claim-now.
ham,"I will be late by 10 minutes, traffic is heavy."
spam,"Vi promo: You won Rs 10,000 recharge coupon. Redeem at bit.ly/claim-now."
spam,"Final notice! Claim your uncollected reward of Rs 75,000 by texting CLAIM to 80808."
ham,I reached home safely. Call me when you are free.
spam,"Vi promo: You won Rs 10,000 recharge coupon. Redeem at tinyurl.com/rewardfast."
ham,Can we reschedule to Thursday 5:00 pm?
ham,Dinner plan tonight at 5:00 pm?
spam,"BSNL promo: You won Rs 25,000 recharge coupon. Redeem at bit.ly/claim-now. Offer valid today only."
spam,"Dear user, your KYC failed. Update immediately on claim-bonus-now.com."
ham,"Hey Rahul, are we still meeting at 11:00 am near the canteen?"
spam,Hot singles near you are waiting. Visit tinyurl.com/rewardfast now.
spam,Your account is suspended. Verify details at tinyurl.com/rewardfast immediately.
spam,Selected customer alert: get premium membership free. Confirm at tinyurl.com/rewardfast.
spam,Exclusive deal! Buy 1 get 3 free only today. Tap tinyurl.com/rewardfast. Offer valid today only.
spam,Earn Rs 5000 daily from home. Register at reward-center.net.
spam,Free entry in weekly contest to win smart watch. Send YES to 90909 today. Offer valid today only.
spam,Limited offer: get loan approved instantly. Click claim-bonus-now.com to apply. Offer valid today only.
spam,"Final notice! Claim your uncollected reward of Rs 1,00,000 by texting CLAIM to 12121. Offer valid today only."
spam,"WINNER! You have been selected to receive Rs 1,00,000 cash prize. Text WIN to 12121 now. Offer valid today only."
ham,Dinner plan tonight at 6:30 pm?
spam,"Final notice! Claim your uncollected reward of Rs 50,000 by texting CLAIM to 90909."
spam,Exclusive deal! Buy 1 get 3 free only today. Tap bit.ly/claim-now. Offer valid today only.
spam,Your account is suspended. Verify details at tinyurl.com/rewardfast immediately. Offer valid today only.
ham,"I will be late by 10 minutes, traffic is heavy."
spam,"You have won a gift card worth Rs 75,000. Reply GIFT to 12121."
ham,"I left your book at the park, collect it when possible."
ham,Meeting moved to conference room at 7:15 pm.
ham,Can you send me the notes for physics before Saturday? Please confirm.
spam,"WINNER! You have been selected to receive Rs 1,00,000 cash prize. Text WIN to 90909 now."
ham,Please pick up milk and bread on your way back.
ham,Can we reschedule to Monday 8:00 am?
ham,Can we reschedule to Tuesday 7:15 pm?
ham,I reached home safely. Call me when you are free.
spam,"WINNER! You have been selected to receive Rs 50,000 cash prize. Text WIN to 87121 now."
spam,Earn Rs 5000 daily from home. Register at reward-center.net. Offer valid today only.
spam,"Vi promo: You won Rs 25,000 recharge coupon. Redeem at claim-bonus-now.com."
spam,Free entry in weekly contest to win smart watch. Send YES to 87121 today. Offer valid today only.
spam,Limited offer: get loan approved instantly. Click tinyurl.com/rewardfast to apply. Offer valid today only.
ham,Please transfer Rs 400 to my UPI when you can. Please confirm.
ham,Meeting moved to conference room at 7:15 pm.
spam,"WINNER! You have been selected to receive Rs 50,000 cash prize. Text WIN to 12121 now."
spam,Your account is suspended. Verify details at reward-center.net immediately.
spam,"WINNER! You have been selected to receive Rs 50,000 cash prize. Text WIN to 56060 now."
ham,"I left your book at the park, collect it when possible."
spam,URGENT! Your mobile number won a lucky draw for smart watch. Reply CLAIM to 56060. Offer valid today only.
ham,The class starts at 8:00 am; do not be late.
spam,"WINNER! You have been selected to receive Rs 10,000 cash prize. Text WIN to 54545 now."
ham,Can you send me the notes for project before Wednesday?
spam,"WINNER! You have been selected to receive Rs 75,000 cash prize. Text WIN to 90909 now. Offer valid today only."
ham,Please transfer Rs 250 to my UPI when you can.
spam,URGENT! Your mobile number won a lucky draw for smart watch. Reply CLAIM to 87121. Offer valid today only.
ham,Thanks for your help with the presentation work. Please confirm.
ham,Please transfer Rs 400 to my UPI when you can. Please confirm.
spam,Act now! Last 2 hours to claim your jackpot prize at tinyurl.com/rewardfast. Offer valid today only.
spam,Congratulations! You are chosen for a free vacation. Call now on 87121. Offer valid today only.
ham,I reached home safely. Call me when you are free.
ham,Meeting moved to conference room at 11:00 am. Please confirm.
spam,Selected customer alert: get premium membership free. Confirm at reward-center.net.
spam,"Airtel promo: You won Rs 1,00,000 recharge coupon. Redeem at reward-center.net."
spam,Earn Rs 5000 daily from home. Register at bit.ly/claim-now. Offer valid today only.
spam,Exclusive deal! Buy 1 get 3 free only today. Tap claim-bonus-now.com. Offer valid today only.
ham,Your appointment is confirmed for Saturday at 7:15 pm.
ham,Please pick up milk and bread on your way back. Please confirm.
spam,URGENT! Your mobile number won a lucky draw for bike. Reply CLAIM to 90909. Offer valid today only.
spam,"Dear user, your KYC failed. Update immediately on bit.ly/claim-now. Offer valid today only."
spam,"Final notice! Claim your uncollected reward of Rs 75,000 by texting CLAIM to 80808."
ham,"I left your book at the main road, collect it when possible."
ham,Please transfer Rs 900 to my UPI when you can.
ham,"I will be late by 10 minutes, traffic is heavy."
ham,Dinner plan tonight at 8:00 am? Please confirm.
ham,I reached home safely. Call me when you are free. Please confirm.
ham,Can we reschedule to Saturday 6:30 pm? Please confirm.
ham,Can we reschedule to Friday 6:30 pm?
spam,Exclusive deal! Buy 1 get 3 free only today. Tap reward-center.net. Offer valid today only.
spam,Congratulations! You are chosen for a free vacation. Call now on 54545.
ham,Please transfer Rs 1200 to my UPI when you can.
spam,Selected customer alert: get premium membership free. Confirm at bit.ly/claim-now. Offer valid today only.
spam,Exclusive deal! Buy 1 get 3 free only today. Tap reward-center.net.
spam,"WINNER! You have been selected to receive Rs 50,000 cash prize. Text WIN to 12121 now."
ham,Mom asked if you can come home early today.
ham,"Hey Sara, are we still meeting at 8:00 am near the park?"
spam,Selected customer alert: get premium membership free. Confirm at claim-bonus-now.com.
spam,Your account is suspended. Verify details at claim-bonus-now.com immediately. Offer valid today only.
ham,Your appointment is confirmed for Tuesday at 9:30 am.
ham,Meeting moved to conference room at 5:00 pm. Please confirm.
ham,Meeting moved to conference room at 7:15 pm.
spam,Congratulations! You are chosen for a free vacation. Call now on 12121.
ham,Please pick up milk and bread on your way back.
ham,Dinner plan tonight at 5:00 pm?
spam,Selected customer alert: get premium membership free. Confirm at reward-center.net. Offer valid today only.
ham,"Hey Neha, are we still meeting at 7:15 pm near the station? Please confirm."
spam,Selected customer alert: get premium membership free. Confirm at reward-center.net. Offer valid today only.
ham,Mom asked if you can come home early today.
spam,Hot singles near you are waiting. Visit bit.ly/claim-now now. Offer valid today only.
ham,"Hey Arjun, are we still meeting at 11:00 am near the campus?"
spam,Earn Rs 5000 daily from home. Register at claim-bonus-now.com. Offer valid today only.
spam,Selected customer alert: get premium membership free. Confirm at tinyurl.com/rewardfast.
ham,"I left your book at the bus stop, collect it when possible."
spam,"WINNER! You have been selected to receive Rs 50,000 cash prize. Text WIN to 87121 now."
ham,Thanks for your help with the report work. Please confirm.
ham,The class starts at 9:30 am; do not be late.
ham,I reached home safely. Call me when you are free.
ham,Can we reschedule to Thursday 6:30 pm?
ham,Thanks for your help with the lab work work. Please confirm.
ham,"Hey Anita, are we still meeting at 7:15 pm near the office gate? Please confirm."
spam,Earn Rs 5000 daily from home. Register at tinyurl.com/rewardfast. Offer valid today only.
spam,Selected customer alert: get premium membership free. Confirm at reward-center.net. Offer valid today only.
ham,I reached home safely. Call me when you are free.
ham,Can we reschedule to Wednesday 6:30 pm?
spam,URGENT! Your mobile number won a lucky draw for voucher. Reply CLAIM to 12121. Offer valid today only.
spam,Your account is suspended. Verify details at reward-center.net immediately. Offer valid today only.
spam,Selected customer alert: get premium membership free. Confirm at claim-bonus-now.com.
spam,Hot singles near you are waiting. Visit reward-center.net now.
spam,Limited offer: get loan approved instantly. Click claim-bonus-now.com to apply.
spam,Earn Rs 5000 daily from home. Register at tinyurl.com/rewardfast.
ham,"I will be late by 10 minutes, traffic is heavy. Please confirm."
spam,Your account is suspended. Verify details at tinyurl.com/rewardfast immediately.
ham,Please pick up milk and bread on your way back.
ham,Your appointment is confirmed for Monday at 11:00 am.
spam,Hot singles near you are waiting. Visit reward-center.net now.
spam,"BSNL promo: You won Rs 75,000 recharge coupon. Redeem at reward-center.net. Offer valid today only."
spam,Your account is suspended. Verify details at tinyurl.com/rewardfast immediately.
spam,Selected customer alert: get premium membership free. Confirm at bit.ly/claim-now. Offer valid today only.
spam,"WINNER! You have been selected to receive Rs 75,000 cash prize. Text WIN to 56060 now. Offer valid today only."
spam,Your account is suspended. Verify details at tinyurl.com/rewardfast immediately.
ham,"Hey John, are we still meeting at 9:30 am near the bus stop? Please confirm."
spam,Selected customer alert: get premium membership free. Confirm at reward-center.net. Offer valid today only.
spam,Selected customer alert: get premium membership free. Confirm at reward-center.net. Offer valid today only.
ham,Can you send me the notes for presentation before Wednesday? Please confirm.
ham,The class starts at 9:30 am; do not be late. Please confirm.
spam,"You have won a gift card worth Rs 25,000. Reply GIFT to 80808. Offer valid today only."
ham,"Hey Rahul, are we still meeting at 6:30 pm near the canteen? Please confirm."
ham,Can we reschedule to Tuesday 8:00 am?
spam,"Dear user, your KYC failed. Update immediately on tinyurl.com/rewardfast. Offer valid today only."
ham,Your appointment is confirmed for Wednesday at 6:30 pm.
ham,Thanks for your help with the project work.
spam,"Vi promo: You won Rs 75,000 recharge coupon. Redeem at bit.ly/claim-now."
ham,I reached home safely. Call me when you are free.
ham,Let us have lunch at the bus stop tomorrow.
ham,The class starts at 6:30 pm; do not be late.
ham,The class starts at 7:15 pm; do not be late.
ham,"I will be late by 10 minutes, traffic is heavy."
ham,Please transfer Rs 650 to my UPI when you can.
ham,"I will be late by 10 minutes, traffic is heavy. Please confirm."
ham,Your appointment is confirmed for Saturday at 5:00 pm. Please confirm.
ham,Can we reschedule to Wednesday 9:30 am? Please confirm.
spam,Free entry in weekly contest to win voucher. Send YES to 56060 today.
ham,"I will be late by 10 minutes, traffic is heavy."
spam,Hot singles near you are waiting. Visit tinyurl.com/rewardfast now. Offer valid today only.
ham,Mom asked if you can come home early today.
spam,Exclusive deal! Buy 1 get 3 free only today. Tap claim-bonus-now.com.
spam,Limited offer: get loan approved instantly. Click claim-bonus-now.com to apply. Offer valid today only.
ham,The class starts at 11:00 am; do not be late.
ham,Meeting moved to conference room at 8:00 am. Please confirm.
spam,"Vi promo: You won Rs 10,000 recharge coupon. Redeem at reward-center.net. Offer valid today only."
ham,"Hey Priya, are we still meeting at 11:00 am near the park? Please confirm."
spam,Exclusive deal! Buy 1 get 3 free only today. Tap reward-center.net.
ham,Please transfer Rs 900 to my UPI when you can. Please confirm.
ham,Can you send me the notes for report before Wednesday? Please confirm.
ham,"Hey John, are we still meeting at 6:30 pm near the campus?"
spam,URGENT! Your mobile number won a lucky draw for smart watch. Reply CLAIM to 80808. Offer valid today only.
spam,Selected customer alert: get premium membership free. Confirm at reward-center.net.
spam,Exclusive deal! Buy 1 get 3 free only today. Tap reward-center.net.
ham,Mom asked if you can come home early today.
spam,Limited offer: get loan approved instantly. Click claim-bonus-now.com to apply.
spam,Your account is suspended. Verify details at tinyurl.com/rewardfast immediately. Offer valid today only.
spam,Your account is suspended. Verify details at claim-bonus-now.com immediately. Offer valid today only.
ham,Mom asked if you can come home early today. Please confirm.
spam,Free entry in weekly contest to win headphones. Send YES to 54545 today.
spam,Earn Rs 5000 daily from home. Register at reward-center.net.
spam,Earn Rs 5000 daily from home. Register at bit.ly/claim-now.
spam,Selected customer alert: get premium membership free. Confirm at reward-center.net. Offer valid today only.
spam,Hot singles near you are waiting. Visit reward-center.net now. Offer valid today only.
ham,Dinner plan tonight at 5:00 pm? Please confirm.
ham,"I left your book at the office gate, collect it when possible."
spam,Earn Rs 5000 daily from home. Register at reward-center.net.
ham,Can we reschedule to Monday 9:30 am?
ham,Please pick up milk and bread on your way back. Please confirm.
ham,Thanks for your help with the presentation work. Please confirm.
spam,Limited offer: get loan approved instantly. Click bit.ly/claim-now to apply.
ham,Thanks for your help with the presentation work. Please confirm.
ham,I reached home safely. Call me when you are free.
spam,"Airtel promo: You won Rs 75,000 recharge coupon. Redeem at reward-center.net. Offer valid today only."
spam,Congratulations! You are chosen for a free vacation. Call now on 54545.
ham,Your appointment is confirmed for Saturday at 11:00 am.
spam,"WINNER! You have been selected to receive Rs 50,000 cash prize. Text WIN to 80808 now. Offer valid today only."
ham,"Hey Sara, are we still meeting at 6:30 pm near the main road?"
ham,Can we reschedule to Tuesday 5:00 pm? Please confirm.
ham,"I will be late by 10 minutes, traffic is heavy. Please confirm."
ham,Please transfer Rs 650 to my UPI when you can.
spam,Act now! Last 2 hours to claim your jackpot prize at reward-center.net.
spam,Free entry in weekly contest to win phone. Send YES to 80808 today.
ham,Mom asked if you can come home early today. Please confirm.
spam,Exclusive deal! Buy 1 get 3 free only today. Tap reward-center.net.
ham,"I will be late by 10 minutes, traffic is heavy."
ham,Please pick up milk and bread on your way back.
ham,Please transfer Rs 250 to my UPI when you can.
ham,Can you send me the notes for report before Tuesday?
spam,Limited offer: get loan approved instantly. Click bit.ly/claim-now to apply. Offer valid today only.
spam,Exclusive deal! Buy 1 get 3 free only today. Tap bit.ly/claim-now.
spam,"WINNER! You have been selected to receive Rs 25,000 cash prize. Text WIN to 87121 now."
spam,"BSNL promo: You won Rs 1,00,000 recharge coupon. Redeem at bit.ly/claim-now. Offer valid today only."
spam,URGENT! Your mobile number won a lucky draw for phone. Reply CLAIM to 56060. Offer valid today only.
ham,"I left your book at the mall, collect it when possible."
spam,"Jio promo: You won Rs 50,000 recharge coupon. Redeem at bit.ly/claim-now."
ham,Can we reschedule to Thursday 9:30 am?
ham,Please pick up milk and bread on your way back. Please confirm.
ham,Please pick up milk and bread on your way back.
spam,Limited offer: get loan approved instantly. Click bit.ly/claim-now to apply. Offer valid today only.
ham,Meeting moved to conference room at 9:30 am. Please confirm.
ham,The class starts at 8:00 am; do not be late.
ham,"Hey Riya, are we still meeting at 11:00 am near the bus stop?"
ham,"Hey John, are we still meeting at 9:30 am near the office gate?"
ham,The class starts at 8:00 am; do not be late.
ham,I reached home safely. Call me when you are free. Please confirm.
ham,"I left your book at the bus stop, collect it when possible. Please confirm."
ham,Meeting moved to conference room at 9:30 am.
spam,Your account is suspended. Verify details at reward-center.net immediately.
ham,"I left your book at the mall, collect it when possible."
ham,Please transfer Rs 250 to my UPI when you can.
ham,Can you send me the notes for report before Wednesday?
spam,Exclusive deal! Buy 1 get 3 free only today. Tap reward-center.net.
ham,Please pick up milk and bread on your way back. Please confirm.
spam,Free entry in weekly contest to win smart watch. Send YES to 87121 today. Offer valid today only.
ham,The class starts at 6:30 pm; do not be late.
spam,"Final notice! Claim your uncollected reward of Rs 10,000 by texting CLAIM to 87121. Offer valid today only."
spam,Selected customer alert: get premium membership free. Confirm at bit.ly/claim-now.
spam,"WINNER! You have been selected to receive Rs 50,000 cash prize. Text WIN to 54545 now."
ham,The class starts at 9:30 am; do not be late.
ham,Meeting moved to conference room at 7:15 pm. Please confirm.
spam,Exclusive deal! Buy 1 get 3 free only today. Tap reward-center.net.
spam,Limited offer: get loan approved instantly. Click tinyurl.com/rewardfast to apply. Offer valid today only.
spam,Exclusive deal! Buy 1 get 3 free only today. Tap bit.ly/claim-now.
ham,The class starts at 5:00 pm; do not be late. Please confirm.
ham,"I left your book at the library, collect it when possible."
ham,Thanks for your help with the report work.
spam,"You have won a gift card worth Rs 50,000. Reply GIFT to 90909."
spam,"WINNER! You have been selected to receive Rs 10,000 cash prize. Text WIN to 12121 now. Offer valid today only."
spam,Hot singles near you are waiting. Visit tinyurl.com/rewardfast now.
ham,I reached home safely. Call me when you are free. Please confirm.
spam,Limited offer: get loan approved instantly. Click bit.ly/claim-now to apply.
spam,Earn Rs 5000 daily from home. Register at bit.ly/claim-now.
spam,Earn Rs 5000 daily from home. Register at tinyurl.com/rewardfast.
ham,Meeting moved to conference room at 9:30 am.
spam,Free entry in weekly contest to win headphones. Send YES to 80808 today.
ham,Can you send me the notes for assignment before Thursday?
spam,Earn Rs 5000 daily from home. Register at tinyurl.com/rewardfast.
spam,Hot singles near you are waiting. Visit reward-center.net now.
spam,Exclusive deal! Buy 1 get 3 free only today. Tap reward-center.net.
spam,Earn Rs 5000 daily from home. Register at tinyurl.com/rewardfast.
spam,URGENT! Your mobile number won a lucky draw for bike. Reply CLAIM to 56060.
spam,Your account is suspended. Verify details at bit.ly/claim-now immediately.
ham,I reached home safely. Call me when you are free.
ham,"Hey Sara, are we still meeting at 7:15 pm near the office gate?"
ham,Can we reschedule to Thursday 6:30 pm?
spam,"You have won a gift card worth Rs 25,000. Reply GIFT to 90909. Offer valid today only."
spam,Limited offer: get loan approved instantly. Click bit.ly/claim-now to apply.
ham,Please transfer Rs 900 to my UPI when you can.
spam,Selected customer alert: get premium membership free. Confirm at claim-bonus-now.com. Offer valid today only.
spam,Hot singles near you are waiting. Visit claim-bonus-now.com now.
ham,"Hey John, are we still meeting at 9:30 am near the office gate?"
spam,Free entry in weekly contest to win smart watch. Send YES to 80808 today. Offer valid today only.
spam,Limited offer: get loan approved instantly. Click claim-bonus-now.com to apply. Offer valid today only.
ham,Meeting moved to conference room at 8:00 am. Please confirm.
ham,Mom asked if you can come home early today.
ham,Let us have lunch at the bus stop tomorrow. Please confirm.
spam,"WINNER! You have been selected to receive Rs 50,000 cash prize. Text WIN to 54545 now. Offer valid today only."
ham,Mom asked if you can come home early today.
spam,URGENT! Your mobile number won a lucky draw for bike. Reply CLAIM to 54545.
ham,Please transfer Rs 900 to my UPI when you can.
spam,"Airtel promo: You won Rs 25,000 recharge coupon. Redeem at reward-center.net."
spam,"You have won a gift card worth Rs 25,000. Reply GIFT to 56060. Offer valid today only."
spam,Congratulations! You are chosen for a free vacation. Call now on 80808. Offer valid today only.
ham,Your appointment is confirmed for Saturday at 8:00 am.
ham,Meeting moved to conference room at 6:30 pm. Please confirm.
spam,Free entry in weekly contest to win headphones. Send YES to 12121 today. Offer valid today only.
ham,Dinner plan tonight at 8:00 am? Please confirm.
spam,Selected customer alert: get premium membership free. Confirm at reward-center.net.
ham,Can we reschedule to Monday 8:00 am? Please confirm.
ham,Let us have lunch at the station tomorrow.
ham,The class starts at 9:30 am; do not be late. Please confirm.
spam,URGENT! Your mobile number won a lucky draw for phone. Reply CLAIM to 80808.
spam,"Final notice! Claim your uncollected reward of Rs 75,000 by texting CLAIM to 87121."
ham,The class starts at 5:00 pm; do not be late. Please confirm.
spam,Exclusive deal! Buy 1 get 3 free only today. Tap reward-center.net. Offer valid today only.
ham,Mom asked if you can come home early today.
ham,Thanks for your help with the lab work work.
spam,"Dear user, your KYC failed. Update immediately on claim-bonus-now.com."
spam,Limited offer: get loan approved instantly. Click reward-center.net to apply. Offer valid today only.
spam,"Final notice! Claim your uncollected reward of Rs 75,000 by texting CLAIM to 87121. Offer valid today only."
ham,The class starts at 9:30 am; do not be late.
spam,Limited offer: get loan approved instantly. Click claim-bonus-now.com to apply.
spam,Earn Rs 5000 daily from home. Register at reward-center.net.
spam,"BSNL promo: You won Rs 1,00,000 recharge coupon. Redeem at claim-bonus-now.com."
spam,Your account is suspended. Verify details at tinyurl.com/rewardfast immediately. Offer valid today only.
ham,Thanks for your help with the assignment work.
spam,"You have won a gift card worth Rs 10,000. Reply GIFT to 87121."
spam,"Jio promo: You won Rs 1,00,000 recharge coupon. Redeem at bit.ly/claim-now."
spam,URGENT! Your mobile number won a lucky draw for voucher. Reply CLAIM to 90909. Offer valid today only.
spam,"Final notice! Claim your uncollected reward of Rs 75,000 by texting CLAIM to 54545."
spam,"Final notice! Claim your uncollected reward of Rs 10,000 by texting CLAIM to 56060."
spam,"Dear user, your KYC failed. Update immediately on claim-bonus-now.com."
spam,Act now! Last 2 hours to claim your jackpot prize at tinyurl.com/rewardfast.
spam,URGENT! Your mobile number won a lucky draw for smart watch. Reply CLAIM to 12121. Offer valid today only.
spam,Your account is suspended. Verify details at reward-center.net immediately. Offer valid today only.
spam,URGENT! Your mobile number won a lucky draw for headphones. Reply CLAIM to 87121.
spam,Exclusive deal! Buy 1 get 3 free only today. Tap claim-bonus-now.com. Offer valid today only.
ham,The class starts at 11:00 am; do not be late. Please confirm.
spam,"Dear user, your KYC failed. Update immediately on claim-bonus-now.com."
ham,The class starts at 7:15 pm; do not be late.
spam,Congratulations! You are chosen for a free vacation. Call now on 56060. Offer valid today only.
ham,Thanks for your help with the presentation work.
ham,Dinner plan tonight at 8:00 am?
ham,I reached home safely. Call me when you are free.
spam,"Jio promo: You won Rs 75,000 recharge coupon. Redeem at tinyurl.com/rewardfast. Offer valid today only."
ham,The class starts at 9:30 am; do not be late.
spam,"You have won a gift card worth Rs 10,000. Reply GIFT to 12121. Offer valid today only."
spam,"You have won a gift card worth Rs 75,000. Reply GIFT to 90909."
ham,Your appointment is confirmed for Saturday at 8:00 am.
ham,Thanks for your help with the math work.
ham,"Hey Karan, are we still meeting at 7:15 pm near the campus? Please confirm."
ham,Mom asked if you can come home early today. Please confirm.
spam,Exclusive deal! Buy 1 get 3 free only today. Tap tinyurl.com/rewardfast. Offer valid today only.
spam,"Dear user, your KYC failed. Update immediately on bit.ly/claim-now."
ham,The class starts at 5:00 pm; do not be late.
ham,The class starts at 9:30 am; do not be late.
ham,Your appointment is confirmed for Wednesday at 11:00 am. Please confirm.
ham,Can we reschedule to Wednesday 11:00 am?
ham,Meeting moved to conference room at 9:30 am. Please confirm.
ham,Can we reschedule to Tuesday 6:30 pm?
spam,Free entry in weekly contest to win bike. Send YES to 80808 today.
spam,Hot singles near you are waiting. Visit bit.ly/claim-now now.
spam,Your account is suspended. Verify details at claim-bonus-now.com immediately.
ham,Thanks for your help with the presentation work. Please confirm.
spam,Hot singles near you are waiting. Visit tinyurl.com/rewardfast now. Offer valid today only.
ham,Please pick up milk and bread on your way back.
spam,Selected customer alert: get premium membership free. Confirm at bit.ly/claim-now.
spam,"Dear user, your KYC failed. Update immediately on claim-bonus-now.com. Offer valid today only."
spam,"Vi promo: You won Rs 75,000 recharge coupon. Redeem at claim-bonus-now.com."
ham,"I will be late by 10 minutes, traffic is heavy. Please confirm."
ham,Can you send me the notes for presentation before Wednesday?
ham,Can we reschedule to Thursday 6:30 pm? Please confirm.
ham,"I will be late by 10 minutes, traffic is heavy."
ham,"I left your book at the bus stop, collect it when possible."
ham,"I will be late by 10 minutes, traffic is heavy."
ham,Dinner plan tonight at 11:00 am?
ham,The class starts at 11:00 am; do not be late. Please confirm.
ham,Please pick up milk and bread on your way back. Please confirm.
ham,Meeting moved to conference room at 8:00 am. Please confirm.
ham,Your appointment is confirmed for Tuesday at 11:00 am.
ham,Please transfer Rs 900 to my UPI when you can. Please confirm.
ham,Thanks for your help with the chemistry work. Please confirm.
ham,I reached home safely. Call me when you are free.
ham,Please pick up milk and bread on your way back.
ham,"Hey Neha, are we still meeting at 9:30 am near the library?"
spam,"You have won a gift card worth Rs 1,00,000. Reply GIFT to 90909."
ham,"I will be late by 10 minutes, traffic is heavy. Please confirm."
spam,Earn Rs 5000 daily from home. Register at tinyurl.com/rewardfast.
ham,"I will be late by 10 minutes, traffic is heavy."
spam,Earn Rs 5000 daily from home. Register at claim-bonus-now.com.
spam,"You have won a gift card worth Rs 25,000. Reply GIFT to 87121. Offer valid today only."
ham,Can you send me the notes for presentation before Thursday?
spam,"Jio promo: You won Rs 10,000 recharge coupon. Redeem at bit.ly/claim-now. Offer valid today only."
ham,Thanks for your help with the physics work.
ham,Can you send me the notes for chemistry before Monday?
ham,Meeting moved to conference room at 7:15 pm.
ham,Thanks for your help with the presentation work.
spam,Free entry in weekly contest to win laptop. Send YES to 87121 today.
ham,Mom asked if you can come home early today. Please confirm.
spam,Your account is suspended. Verify details at bit.ly/claim-now immediately.
ham,"Hey Priya, are we still meeting at 8:00 am near the bus stop? Please confirm."
ham,Can you send me the notes for lab work before Thursday?
spam,"Vi promo: You won Rs 25,000 recharge coupon. Redeem at tinyurl.com/rewardfast."
ham,Meeting moved to conference room at 5:00 pm.
spam,Exclusive deal! Buy 1 get 3 free only today. Tap claim-bonus-now.com. Offer valid today only.
ham,Please transfer Rs 400 to my UPI when you can. Please confirm.
ham,Let us have lunch at the park tomorrow.
spam,"You have won a gift card worth Rs 75,000. Reply GIFT to 90909. Offer valid today only."
ham,"I left your book at the library, collect it when possible."
spam,Free entry in weekly contest to win voucher. Send YES to 90909 today.
spam,URGENT! Your mobile number won a lucky draw for smart watch. Reply CLAIM to 80808. Offer valid today only.
spam,"Dear user, your KYC failed. Update immediately on tinyurl.com/rewardfast."
spam,"You have won a gift card worth Rs 25,000. Reply GIFT to 87121."
spam,"You have won a gift card worth Rs 75,000. Reply GIFT to 54545. Offer valid today only."
ham,"I will be late by 10 minutes, traffic is heavy."
ham,Dinner plan tonight at 11:00 am?
spam,"Airtel promo: You won Rs 1,00,000 recharge coupon. Redeem at tinyurl.com/rewardfast."
spam,"Airtel promo: You won Rs 50,000 recharge coupon. Redeem at tinyurl.com/rewardfast. Offer valid today only."
ham,"I left your book at the main road, collect it when possible. Please confirm."
spam,Selected customer alert: get premium membership free. Confirm at reward-center.net. Offer valid today only.
ham,Thanks for your help with the report work.
ham,Mom asked if you can come home early today.
ham,Please transfer Rs 900 to my UPI when you can.
ham,"I will be late by 10 minutes, traffic is heavy."
spam,Selected customer alert: get premium membership free. Confirm at reward-center.net.
ham,I reached home safely. Call me when you are free. Please confirm.
ham,Mom asked if you can come home early today.
ham,Thanks for your help with the report work.
ham,Can you send me the notes for physics before Tuesday?
spam,URGENT! Your mobile number won a lucky draw for laptop. Reply CLAIM to 12121.
spam,Act now! Last 2 hours to claim your jackpot prize at claim-bonus-now.com. Offer valid today only.
ham,Please transfer Rs 400 to my UPI when you can. Please confirm.
ham,Thanks for your help with the lab work work.
spam,Exclusive deal! Buy 1 get 3 free only today. Tap claim-bonus-now.com.
ham,"Hey Amit, are we still meeting at 6:30 pm near the park?"
spam,Earn Rs 5000 daily from home. Register at bit.ly/claim-now. Offer valid today only.
spam,Act now! Last 2 hours to claim your jackpot prize at bit.ly/claim-now.
ham,"I will be late by 10 minutes, traffic is heavy."
spam,Free entry in weekly contest to win smart watch. Send YES to 12121 today.
spam,Exclusive deal! Buy 1 get 3 free only today. Tap tinyurl.com/rewardfast. Offer valid today only.
spam,"Dear user, your KYC failed. Update immediately on tinyurl.com/rewardfast."
ham,Can you send me the notes for report before Wednesday? Please confirm.
ham,Meeting moved to conference room at 9:30 am.
spam,Your account is suspended. Verify details at reward-center.net immediately.
spam,Congratulations! You are chosen for a free vacation. Call now on 56060. Offer valid today only.
spam,"Final notice! Claim your uncollected reward of Rs 25,000 by texting CLAIM to 87121."
spam,Free entry in weekly contest to win smart watch. Send YES to 80808 today.
ham,Dinner plan tonight at 8:00 am?
ham,Please pick up milk and bread on your way back. Please confirm.
spam,"You have won a gift card worth Rs 50,000. Reply GIFT to 90909."
spam,"You have won a gift card worth Rs 75,000. Reply GIFT to 12121."
spam,Limited offer: get loan approved instantly. Click claim-bonus-now.com to apply.
ham,Let us have lunch at the mall tomorrow.
spam,"You have won a gift card worth Rs 1,00,000. Reply GIFT to 90909."
spam,"Dear user, your KYC failed. Update immediately on bit.ly/claim-now."
spam,Earn Rs 5000 daily from home. Register at reward-center.net. Offer valid today only.
ham,Can we reschedule to Thursday 9:30 am? Please confirm.
spam,Exclusive deal! Buy 1 get 3 free only today. Tap bit.ly/claim-now. Offer valid today only.
spam,Free entry in weekly contest to win headphones. Send YES to 80808 today. Offer valid today only.
ham,Mom asked if you can come home early today. Please confirm.
ham,"Hey Amit, are we still meeting at 11:00 am near the station?"
spam,"You have won a gift card worth Rs 25,000. Reply GIFT to 12121."
spam,Your account is suspended. Verify details at tinyurl.com/rewardfast immediately.
ham,Thanks for your help with the math work.
spam,Your account is suspended. Verify details at claim-bonus-now.com immediately. Offer valid today only.
ham,Meeting moved to conference room at 8:00 am.
ham,Let us have lunch at the park tomorrow. Please confirm.
spam,Earn Rs 5000 daily from home. Register at bit.ly/claim-now.
spam,"You have won a gift card worth Rs 10,000. Reply GIFT to 12121. Offer valid today only."
spam,Earn Rs 5000 daily from home. Register at claim-bonus-now.com.
ham,Thanks for your help with the report work.
spam,Free entry in weekly contest to win laptop. Send YES to 54545 today.
ham,Thanks for your help with the assignment work.
spam,Exclusive deal! Buy 1 get 3 free only today. Tap reward-center.net. Offer valid today only.
spam,Act now! Last 2 hours to claim your jackpot prize at claim-bonus-now.com.
ham,"I will be late by 10 minutes, traffic is heavy. Please confirm."
spam,Limited offer: get loan approved instantly. Click reward-center.net to apply.
ham,Please pick up milk and bread on your way back.
spam,"Dear user, your KYC failed. Update immediately on bit.ly/claim-now."
ham,Meeting moved to conference room at 11:00 am. Please confirm.
ham,"I left your book at the canteen, collect it when possible."
ham,Your appointment is confirmed for Friday at 9:30 am. Please confirm.
spam,"Dear user, your KYC failed. Update immediately on reward-center.net. Offer valid today only."
ham,Please pick up milk and bread on your way back. Please confirm.
spam,Hot singles near you are waiting. Visit reward-center.net now.
spam,Limited offer: get loan approved instantly. Click tinyurl.com/rewardfast to apply.
spam,"Final notice! Claim your uncollected reward of Rs 1,00,000 by texting CLAIM to 90909."
ham,"I will be late by 10 minutes, traffic is heavy."
spam,Earn Rs 5000 daily from home. Register at claim-bonus-now.com.
ham,Meeting moved to conference room at 6:30 pm.
spam,"You have won a gift card worth Rs 1,00,000. Reply GIFT to 12121. Offer valid today only."
ham,"I will be late by 10 minutes, traffic is heavy."
spam,Congratulations! You are chosen for a free vacation. Call now on 80808. Offer valid today only.
spam,Congratulations! You are chosen for a free vacation. Call now on 56060.
spam,Your account is suspended. Verify details at bit.ly/claim-now immediately.
spam,Earn Rs 5000 daily from home. Register at claim-bonus-now.com. Offer valid today only.
ham,"I left your book at the canteen, collect it when possible."
ham,Meeting moved to conference room at 7:15 pm.
ham,"I will be late by 10 minutes, traffic is heavy."
ham,Let us have lunch at the office gate tomorrow.
ham,Dinner plan tonight at 9:30 am?
ham,Can you send me the notes for assignment before Wednesday?
ham,Please pick up milk and bread on your way back.
ham,"I left your book at the mall, collect it when possible. Please confirm."
spam,"Final notice! Claim your uncollected reward of Rs 1,00,000 by texting CLAIM to 56060."
ham,Dinner plan tonight at 8:00 am?
spam,Hot singles near you are waiting. Visit bit.ly/claim-now now. Offer valid today only.
spam,Your account is suspended. Verify details at tinyurl.com/rewardfast immediately. Offer valid today only.
spam,Selected customer alert: get premium membership free. Confirm at bit.ly/claim-now.
ham,"I will be late by 10 minutes, traffic is heavy."
spam,"Dear user, your KYC failed. Update immediately on bit.ly/claim-now. Offer valid today only."
spam,Your account is suspended. Verify details at claim-bonus-now.com immediately. Offer valid today only.
spam,Selected customer alert: get premium membership free. Confirm at reward-center.net. Offer valid today only.
spam,Selected customer alert: get premium membership free. Confirm at bit.ly/claim-now.
ham,Please pick up milk and bread on your way back. Please confirm.
spam,Earn Rs 5000 daily from home. Register at bit.ly/claim-now.
ham,Can you send me the notes for report before Saturday?
spam,Your account is suspended. Verify details at claim-bonus-now.com immediately. Offer valid today only.
ham,Let us have lunch at the main road tomorrow. Please confirm.
spam,Congratulations! You are chosen for a free vacation. Call now on 54545. Offer valid today only.
spam,"Vi promo: You won Rs 10,000 recharge coupon. Redeem at bit.ly/claim-now. Offer valid today only."
spam,Hot singles near you are waiting. Visit tinyurl.com/rewardfast now. Offer valid today only.
spam,Congratulations! You are chosen for a free vacation. Call now on 80808.
ham,I reached home safely. Call me when you are free.
spam,"You have won a gift card worth Rs 1,00,000. Reply GIFT to 90909. Offer valid today only."
spam,"WINNER! You have been selected to receive Rs 50,000 cash prize. Text WIN to 56060 now. Offer valid today only."
ham,I reached home safely. Call me when you are free.
ham,Mom asked if you can come home early today.
spam,Congratulations! You are chosen for a free vacation. Call now on 87121.
spam,Hot singles near you are waiting. Visit bit.ly/claim-now now. Offer valid today only.
spam,Your account is suspended. Verify details at claim-bonus-now.com immediately. Offer valid today only.
ham,Can you send me the notes for physics before Monday?
ham,Can we reschedule to Wednesday 7:15 pm? Please confirm.
spam,Selected customer alert: get premium membership free. Confirm at bit.ly/claim-now.
ham,Meeting moved to conference room at 11:00 am.
ham,"I left your book at the bus stop, collect it when possible. Please confirm."
ham,Thanks for your help with the math work.
spam,Limited offer: get loan approved instantly. Click reward-center.net to apply.
ham,"I will be late by 10 minutes, traffic is heavy."
spam,Limited offer: get loan approved instantly. Click claim-bonus-now.com to apply. Offer valid today only.
ham,Can we reschedule to Monday 8:00 am?
spam,Limited offer: get loan approved instantly. Click claim-bonus-now.com to apply.
ham,Can you send me the notes for presentation before Thursday? Please confirm.
ham,"I will be late by 10 minutes, traffic is heavy."
ham,Your appointment is confirmed for Thursday at 9:30 am. Please confirm.
spam,"Final notice! Claim your uncollected reward of Rs 1,00,000 by texting CLAIM to 80808. Offer valid today only."
ham,Dinner plan tonight at 8:00 am? Please confirm.
ham,Can you send me the notes for physics before Tuesday?
spam,"Final notice! Claim your uncollected reward of Rs 10,000 by texting CLAIM to 90909. Offer valid today only."
ham,Let us have lunch at the park tomorrow.
spam,Limited offer: get loan approved instantly. Click claim-bonus-now.com to apply.
ham,Let us have lunch at the mall tomorrow. Please confirm.
spam,Earn Rs 5000 daily from home. Register at bit.ly/claim-now.
ham,"Hey Rahul, are we still meeting at 8:00 am near the main road?"
ham,Let us have lunch at the office gate tomorrow.
ham,Can we reschedule to Monday 11:00 am?
ham,Meeting moved to conference room at 9:30 am.
ham,Dinner plan tonight at 8:00 am?
ham,Thanks for your help with the chemistry work. Please confirm.
spam,Congratulations! You are chosen for a free vacation. Call now on 90909. Offer valid today only.
ham,Can we reschedule to Friday 9:30 am? Please confirm.
spam,Your account is suspended. Verify details at tinyurl.com/rewardfast immediately.
ham,Meeting moved to conference room at 5:00 pm.
ham,I reached home safely. Call me when you are free. Please confirm.
spam,Limited offer: get loan approved instantly. Click claim-bonus-now.com to apply.
spam,"Final notice! Claim your uncollected reward of Rs 50,000 by texting CLAIM to 12121. Offer valid today only."
spam,Your account is suspended. Verify details at reward-center.net immediately. Offer valid today only.
ham,"Hey Arjun, are we still meeting at 11:00 am near the park?"
spam,"Dear user, your KYC failed. Update immediately on reward-center.net. Offer valid today only."
spam,Selected customer alert: get premium membership free. Confirm at reward-center.net.
ham,Please pick up milk and bread on your way back.
ham,I reached home safely. Call me when you are free.
spam,"Vi promo: You won Rs 1,00,000 recharge coupon. Redeem at reward-center.net. Offer valid today only."
spam,Exclusive deal! Buy 1 get 3 free only today. Tap bit.ly/claim-now.
spam,Hot singles near you are waiting. Visit claim-bonus-now.com now. Offer valid today only.
spam,Limited offer: get loan approved instantly. Click tinyurl.com/rewardfast to apply. Offer valid today only.
ham,Can we reschedule to Tuesday 7:15 pm?
ham,Mom asked if you can come home early today.
ham,Thanks for your help with the presentation work.
ham,Can you send me the notes for math before Thursday? Please confirm.
spam,"BSNL promo: You won Rs 25,000 recharge coupon. Redeem at reward-center.net. Offer valid today only."
spam,Act now! Last 2 hours to claim your jackpot prize at tinyurl.com/rewardfast.
ham,Dinner plan tonight at 5:00 pm?
spam,Earn Rs 5000 daily from home. Register at reward-center.net.
spam,Act now! Last 2 hours to claim your jackpot prize at reward-center.net. Offer valid today only.
spam,"Final notice! Claim your uncollected reward of Rs 50,000 by texting CLAIM to 80808. Offer valid today only."
spam,Hot singles near you are waiting. Visit bit.ly/claim-now now. Offer valid today only.
spam,"Final notice! Claim your uncollected reward of Rs 75,000 by texting CLAIM to 56060. Offer valid today only."
spam,"You have won a gift card worth Rs 50,000. Reply GIFT to 56060."
ham,Thanks for your help with the physics work. Please confirm.
ham,Dinner plan tonight at 11:00 am?
ham,Thanks for your help with the assignment work. Please confirm.
ham,Please pick up milk and bread on your way back.
ham,Meeting moved to conference room at 8:00 am.
ham,Let us have lunch at the station tomorrow. Please confirm.
ham,Mom asked if you can come home early today.
ham,The class starts at 8:00 am; do not be late.
spam,Free entry in weekly contest to win voucher. Send YES to 54545 today. Offer valid today only.
ham,Your appointment is confirmed for Friday at 5:00 pm.
ham,Please pick up milk and bread on your way back. Please confirm.
spam,Exclusive deal! Buy 1 get 3 free only today. Tap tinyurl.com/rewardfast.
spam,Limited offer: get loan approved instantly. Click claim-bonus-now.com to apply.
ham,Let us have lunch at the mall tomorrow. Please confirm.
ham,The class starts at 9:30 am; do not be late. Please confirm.
ham,The class starts at 11:00 am; do not be late.
ham,"I will be late by 10 minutes, traffic is heavy."
spam,"WINNER! You have been selected to receive Rs 1,00,000 cash prize. Text WIN to 90909 now."
spam,"Vi promo: You won Rs 75,000 recharge coupon. Redeem at tinyurl.com/rewardfast."
spam,Selected customer alert: get premium membership free. Confirm at claim-bonus-now.com. Offer valid today only.
ham,"Hey Sara, are we still meeting at 5:00 pm near the library? Please confirm."
spam,Earn Rs 5000 daily from home. Register at reward-center.net.
spam,"Dear user, your KYC failed. Update immediately on tinyurl.com/rewardfast."
spam,URGENT! Your mobile number won a lucky draw for phone. Reply CLAIM to 56060. Offer valid today only.
ham,The class starts at 11:00 am; do not be late. Please confirm.
ham,Please pick up milk and bread on your way back.
ham,"Hey Rahul, are we still meeting at 8:00 am near the park?"
ham,Your appointment is confirmed for Saturday at 7:15 pm.
spam,Earn Rs 5000 daily from home. Register at tinyurl.com/rewardfast.
ham,Please pick up milk and bread on your way back.
ham,Thanks for your help with the lab work work. Please confirm.
ham,The class starts at 11:00 am; do not be late. Please confirm.
spam,Act now! Last 2 hours to claim your jackpot prize at reward-center.net.
spam,Exclusive deal! Buy 1 get 3 free only today. Tap reward-center.net. Offer valid today only.
ham,Please transfer Rs 650 to my UPI when you can. Please confirm.
spam,Congratulations! You are chosen for a free vacation. Call now on 12121.
ham,"I left your book at the park, collect it when possible."
spam,Limited offer: get loan approved instantly. Click tinyurl.com/rewardfast to apply.
ham,"I will be late by 10 minutes, traffic is heavy."
spam,"Final notice! Claim your uncollected reward of Rs 50,000 by texting CLAIM to 12121. Offer valid today only."
spam,"WINNER! You have been selected to receive Rs 75,000 cash prize. Text WIN to 87121 now. Offer valid today only."
spam,Exclusive deal! Buy 1 get 3 free only today. Tap tinyurl.com/rewardfast.
spam,Your account is suspended. Verify details at bit.ly/claim-now immediately. Offer valid today only.
spam,Hot singles near you are waiting. Visit reward-center.net now.
spam,Earn Rs 5000 daily from home. Register at bit.ly/claim-now. Offer valid today only.
spam,Hot singles near you are waiting. Visit bit.ly/claim-now now. Offer valid today only.
ham,Please pick up milk and bread on your way back.
spam,Your account is suspended. Verify details at bit.ly/claim-now immediately. Offer valid today only.
ham,Meeting moved to conference room at 6:30 pm. Please confirm.
ham,Dinner plan tonight at 6:30 pm?
ham,I reached home safely. Call me when you are free. Please confirm.
ham,I reached home safely. Call me when you are free.
spam,"WINNER! You have been selected to receive Rs 75,000 cash prize. Text WIN to 80808 now."
ham,Your appointment is confirmed for Wednesday at 9:30 am.
ham,Dinner plan tonight at 9:30 am?
ham,Can you send me the notes for assignment before Saturday?
spam,Limited offer: get loan approved instantly. Click reward-center.net to apply.
spam,URGENT! Your mobile number won a lucky draw for bike. Reply CLAIM to 54545. Offer valid today only.
ham,"Hey John, are we still meeting at 5:00 pm near the bus stop? Please confirm."
ham,Please pick up milk and bread on your way back.
ham,"Hey Karan, are we still meeting at 9:30 am near the office gate?"
ham,Can you send me the notes for assignment before Monday?
ham,Your appointment is confirmed for Saturday at 7:15 pm.
ham,Meeting moved to conference room at 7:15 pm.
spam,Congratulations! You are chosen for a free vacation. Call now on 90909.
ham,"I will be late by 10 minutes, traffic is heavy."
ham,The class starts at 11:00 am; do not be late. Please confirm.
spam,Free entry in weekly contest to win headphones. Send YES to 12121 today.
spam,Exclusive deal! Buy 1 get 3 free only today. Tap bit.ly/claim-now.
ham,"I will be late by 10 minutes, traffic is heavy."
spam,"You have won a gift card worth Rs 25,000. Reply GIFT to 90909."
ham,"Hey Neha, are we still meeting at 5:00 pm near the main road? Please confirm."
spam,"Final notice! Claim your uncollected reward of Rs 75,000 by texting CLAIM to 90909."
spam,Your account is suspended. Verify details at reward-center.net immediately. Offer valid today only.
ham,Can we reschedule to Wednesday 8:00 am?
ham,I reached home safely. Call me when you are free.
spam,"WINNER! You have been selected to receive Rs 10,000 cash prize. Text WIN to 87121 now."
ham,I reached home safely. Call me when you are free.
spam,Selected customer alert: get premium membership free. Confirm at bit.ly/claim-now.
ham,Let us have lunch at the park tomorrow. Please confirm.
spam,"BSNL promo: You won Rs 25,000 recharge coupon. Redeem at tinyurl.com/rewardfast."
ham,"I left your book at the office gate, collect it when possible."
spam,Hot singles near you are waiting. Visit bit.ly/claim-now now.
ham,Your appointment is confirmed for Wednesday at 9:30 am.
spam,"Dear user, your KYC failed. Update immediately on tinyurl.com/rewardfast. Offer valid today only."
spam,"WINNER! You have been selected to receive Rs 25,000 cash prize. Text WIN to 54545 now. Offer valid today only."
spam,Earn Rs 5000 daily from home. Register at bit.ly/claim-now. Offer valid today only.
ham,Dinner plan tonight at 7:15 pm? Please confirm.
spam,"Dear user, your KYC failed. Update immediately on reward-center.net. Offer valid today only."
spam,Your account is suspended. Verify details at reward-center.net immediately.
spam,URGENT! Your mobile number won a lucky draw for bike. Reply CLAIM to 90909.
spam,Exclusive deal! Buy 1 get 3 free only today. Tap tinyurl.com/rewardfast.
ham,Can we reschedule to Wednesday 6:30 pm? Please confirm.
spam,Hot singles near you are waiting. Visit claim-bonus-now.com now.
ham,I reached home safely. Call me when you are free.
spam,"You have won a gift card worth Rs 75,000. Reply GIFT to 54545."
ham,Mom asked if you can come home early today.
spam,Limited offer: get loan approved instantly. Click bit.ly/claim-now to apply.
spam,Congratulations! You are chosen for a free vacation. Call now on 87121. Offer valid today only.
ham,Please pick up milk and bread on your way back.
spam,Congratulations! You are chosen for a free vacation. Call now on 90909. Offer valid today only.
spam,Exclusive deal! Buy 1 get 3 free only today. Tap bit.ly/claim-now.
ham,"I left your book at the mall, collect it when possible. Please confirm."
ham,"I will be late by 10 minutes, traffic is heavy."
spam,"Vi promo: You won Rs 1,00,000 recharge coupon. Redeem at bit.ly/claim-now."
spam,Exclusive deal! Buy 1 get 3 free only today. Tap bit.ly/claim-now.
ham,Your appointment is confirmed for Friday at 6:30 pm.
spam,Your account is suspended. Verify details at tinyurl.com/rewardfast immediately.
ham,Can you send me the notes for assignment before Monday?
spam,"BSNL promo: You won Rs 1,00,000 recharge coupon. Redeem at claim-bonus-now.com. Offer valid today only."
ham,"I left your book at the main road, collect it when possible."
spam,URGENT! Your mobile number won a lucky draw for phone. Reply CLAIM to 87121. Offer valid today only.
spam,"BSNL promo: You won Rs 50,000 recharge coupon. Redeem at claim-bonus-now.com."
ham,The class starts at 7:15 pm; do not be late.
spam,Congratulations! You are chosen for a free vacation. Call now on 87121.
ham,Your appointment is confirmed for Tuesday at 8:00 am. Please confirm.
spam,Earn Rs 5000 daily from home. Register at reward-center.net.
spam,Free entry in weekly contest to win phone. Send YES to 56060 today.
ham,Mom asked if you can come home early today. Please confirm.
ham,Thanks for your help with the physics work.
ham,Mom asked if you can come home early today. Please confirm.
ham,"Hey Sara, are we still meeting at 9:30 am near the office gate? Please confirm."
ham,Please transfer Rs 650 to my UPI when you can.
ham,Please transfer Rs 900 to my UPI when you can.
spam,Exclusive deal! Buy 1 get 3 free only today. Tap reward-center.net.
ham,I reached home safely. Call me when you are free.
spam,Selected customer alert: get premium membership free. Confirm at reward-center.net. Offer valid today only.
spam,Free entry in weekly contest to win smart watch. Send YES to 87121 today.
spam,Earn Rs 5000 daily from home. Register at reward-center.net. Offer valid today only.
ham,Let us have lunch at the bus stop tomorrow. Please confirm.
ham,Can you send me the notes for physics before Friday?
ham,Please pick up milk and bread on your way back.
spam,Congratulations! You are chosen for a free vacation. Call now on 90909.
spam,"Final notice! Claim your uncollected reward of Rs 10,000 by texting CLAIM to 80808. Offer valid today only."
spam,Limited offer: get loan approved instantly. Click bit.ly/claim-now to apply.
ham,Dinner plan tonight at 11:00 am?
